defined_class,datum,datum_label,var1,var1_label,var2,var2_label,var3,var3_label,acs_var_id,acs_label,acs_concept
SRPDIO:2010953,SRPDIO:1000000,number of people,SRPDIO:1001011,housing quality,SRPDIO:1001008,age category,SRPDIO:1001001,disability status,B26208_001E,Estimate!!Total,GROUP QUARTERS TYPE (5 TYPES) BY AGE BY DISABILITY STATUS
SRPDIO:2010954,SRPDIO:1000000,number of people,SRPDIO:1001011,housing quality,SRPDIO:1001008,age category,SRPDIO:1001035,with a disability/with any disability,B26208_002E,Estimate!!Total!!With a disability,GROUP QUARTERS TYPE (5 TYPES) BY AGE BY DISABILITY STATUS
SRPDIO:2010955,SRPDIO:1000000,number of people,SRPDIO:1001011,housing quality,SRPDIO:1001008,age category,SRPDIO:1001034,no disability,B26208_003E,Estimate!!Total!!No disability,GROUP QUARTERS TYPE (5 TYPES) BY AGE BY DISABILITY STATUS
SRPDIO:2010956,SRPDIO:1000000,number of people,SRPDIO:1001011,housing quality,SRPDIO:1001063,under 18 years,SRPDIO:1001001,disability status,B26208_004E,Estimate!!Total!!Population under 18 years,GROUP QUARTERS TYPE (5 TYPES) BY AGE BY DISABILITY STATUS
SRPDIO:2010957,SRPDIO:1000000,number of people,SRPDIO:1001011,housing quality,SRPDIO:1001063,under 18 years,SRPDIO:1001035,with a disability/with any disability,B26208_005E,Estimate!!Total!!Population under 18 years!!With a disability,GROUP QUARTERS TYPE (5 TYPES) BY AGE BY DISABILITY STATUS
SRPDIO:2010958,SRPDIO:1000000,number of people,SRPDIO:1001011,housing quality,SRPDIO:1001063,under 18 years,SRPDIO:1001034,no disability,B26208_006E,Estimate!!Total!!Population under 18 years!!No disability,GROUP QUARTERS TYPE (5 TYPES) BY AGE BY DISABILITY STATUS
SRPDIO:2010959,SRPDIO:1000000,number of people,SRPDIO:1001011,housing quality,SRPDIO:1001065,18 to 64 years,SRPDIO:1001001,disability status,B26208_007E,Estimate!!Total!!Population 18 to 64 years,GROUP QUARTERS TYPE (5 TYPES) BY AGE BY DISABILITY STATUS
SRPDIO:2010960,SRPDIO:1000000,number of people,SRPDIO:1001011,housing quality,SRPDIO:1001065,18 to 64 years,SRPDIO:1001035,with a disability/with any disability,B26208_008E,Estimate!!Total!!Population 18 to 64 years!!With a disability,GROUP QUARTERS TYPE (5 TYPES) BY AGE BY DISABILITY STATUS
SRPDIO:2010961,SRPDIO:1000000,number of people,SRPDIO:1001011,housing quality,SRPDIO:1001065,18 to 64 years,SRPDIO:1001034,no disability,B26208_009E,Estimate!!Total!!Population 18 to 64 years!!No disability,GROUP QUARTERS TYPE (5 TYPES) BY AGE BY DISABILITY STATUS
SRPDIO:2010962,SRPDIO:1000000,number of people,SRPDIO:1001011,housing quality,SRPDIO:1001079,65 years and over,SRPDIO:1001001,disability status,B26208_010E,Estimate!!Total!!Population 65 years and over,GROUP QUARTERS TYPE (5 TYPES) BY AGE BY DISABILITY STATUS
SRPDIO:2010963,SRPDIO:1000000,number of people,SRPDIO:1001011,housing quality,SRPDIO:1001079,65 years and over,SRPDIO:1001035,with a disability/with any disability,B26208_011E,Estimate!!Total!!Population 65 years and over!!With a disability,GROUP QUARTERS TYPE (5 TYPES) BY AGE BY DISABILITY STATUS
SRPDIO:2010964,SRPDIO:1000000,number of people,SRPDIO:1001011,housing quality,SRPDIO:1001079,65 years and over,SRPDIO:1001034,no disability,B26208_012E,Estimate!!Total!!Population 65 years and over!!No disability,GROUP QUARTERS TYPE (5 TYPES) BY AGE BY DISABILITY STATUS
SRPDIO:2010965,SRPDIO:1000007,number of people,SRPDIO:1001011,housing quality,SRPDIO:1001008,age category,SRPDIO:1001001,disability status,B26208_013E,Estimate!!Total!!Group quarters population,GROUP QUARTERS TYPE (5 TYPES) BY AGE BY DISABILITY STATUS
SRPDIO:2010966,SRPDIO:1000007,number of people,SRPDIO:1001011,housing quality,SRPDIO:1001008,age category,SRPDIO:1001035,with a disability/with any disability,B26208_014E,Estimate!!Total!!Group quarters population!!With a disability,GROUP QUARTERS TYPE (5 TYPES) BY AGE BY DISABILITY STATUS
SRPDIO:2010967,SRPDIO:1000007,number of people,SRPDIO:1001011,housing quality,SRPDIO:1001008,age category,SRPDIO:1001034,no disability,B26208_015E,Estimate!!Total!!Group quarters population!!No disability,GROUP QUARTERS TYPE (5 TYPES) BY AGE BY DISABILITY STATUS
SRPDIO:2010968,SRPDIO:1000007,number of people,SRPDIO:1001011,housing quality,SRPDIO:1001063,under 18 years,SRPDIO:1001001,disability status,B26208_016E,Estimate!!Total!!Group quarters population!!Population under 18 years,GROUP QUARTERS TYPE (5 TYPES) BY AGE BY DISABILITY STATUS
SRPDIO:2010969,SRPDIO:1000007,number of people,SRPDIO:1001011,housing quality,SRPDIO:1001063,under 18 years,SRPDIO:1001035,with a disability/with any disability,B26208_017E,Estimate!!Total!!Group quarters population!!Population under 18 years!!With a disability,GROUP QUARTERS TYPE (5 TYPES) BY AGE BY DISABILITY STATUS
SRPDIO:2010970,SRPDIO:1000007,number of people,SRPDIO:1001011,housing quality,SRPDIO:1001063,under 18 years,SRPDIO:1001034,no disability,B26208_018E,Estimate!!Total!!Group quarters population!!Population under 18 years!!No disability,GROUP QUARTERS TYPE (5 TYPES) BY AGE BY DISABILITY STATUS
SRPDIO:2010971,SRPDIO:1000007,number of people,SRPDIO:1001011,housing quality,SRPDIO:1001065,18 to 64 years,SRPDIO:1001001,disability status,B26208_019E,Estimate!!Total!!Group quarters population!!Population 18 to 64 years,GROUP QUARTERS TYPE (5 TYPES) BY AGE BY DISABILITY STATUS
SRPDIO:2010972,SRPDIO:1000007,number of people,SRPDIO:1001011,housing quality,SRPDIO:1001065,18 to 64 years,SRPDIO:1001035,with a disability/with any disability,B26208_020E,Estimate!!Total!!Group quarters population!!Population 18 to 64 years!!With a disability,GROUP QUARTERS TYPE (5 TYPES) BY AGE BY DISABILITY STATUS
SRPDIO:2010973,SRPDIO:1000007,number of people,SRPDIO:1001011,housing quality,SRPDIO:1001065,18 to 64 years,SRPDIO:1001034,no disability,B26208_021E,Estimate!!Total!!Group quarters population!!Population 18 to 64 years!!No disability,GROUP QUARTERS TYPE (5 TYPES) BY AGE BY DISABILITY STATUS
SRPDIO:2010974,SRPDIO:1000007,number of people,SRPDIO:1001011,housing quality,SRPDIO:1001079,65 years and over,SRPDIO:1001001,disability status,B26208_022E,Estimate!!Total!!Group quarters population!!Population 65 years and over,GROUP QUARTERS TYPE (5 TYPES) BY AGE BY DISABILITY STATUS
SRPDIO:2010975,SRPDIO:1000007,number of people,SRPDIO:1001011,housing quality,SRPDIO:1001079,65 years and over,SRPDIO:1001035,with a disability/with any disability,B26208_023E,Estimate!!Total!!Group quarters population!!Population 65 years and over!!With a disability,GROUP QUARTERS TYPE (5 TYPES) BY AGE BY DISABILITY STATUS
SRPDIO:2010976,SRPDIO:1000007,number of people,SRPDIO:1001011,housing quality,SRPDIO:1001079,65 years and over,SRPDIO:1001034,no disability,B26208_024E,Estimate!!Total!!Group quarters population!!Population 65 years and over!!No disability,GROUP QUARTERS TYPE (5 TYPES) BY AGE BY DISABILITY STATUS
SRPDIO:2010977,SRPDIO:1000007,number of people,SRPDIO:1001096,institutionalized group quarters,SRPDIO:1001008,age category,SRPDIO:1001001,disability status,B26208_025E,Estimate!!Total!!Group quarters population!!Institutionalized group quarters population,GROUP QUARTERS TYPE (5 TYPES) BY AGE BY DISABILITY STATUS
SRPDIO:2010978,SRPDIO:1000007,number of people,SRPDIO:1001096,institutionalized group quarters,SRPDIO:1001008,age category,SRPDIO:1001035,with a disability/with any disability,B26208_026E,Estimate!!Total!!Group quarters population!!Institutionalized group quarters population!!With a disability,GROUP QUARTERS TYPE (5 TYPES) BY AGE BY DISABILITY STATUS
SRPDIO:2010979,SRPDIO:1000007,number of people,SRPDIO:1001096,institutionalized group quarters,SRPDIO:1001008,age category,SRPDIO:1001034,no disability,B26208_027E,Estimate!!Total!!Group quarters population!!Institutionalized group quarters population!!No disability,GROUP QUARTERS TYPE (5 TYPES) BY AGE BY DISABILITY STATUS
SRPDIO:2010980,SRPDIO:1000007,number of people,SRPDIO:1001096,institutionalized group quarters,SRPDIO:1001063,under 18 years,SRPDIO:1001001,disability status,B26208_028E,Estimate!!Total!!Group quarters population!!Institutionalized group quarters population!!Population under 18 years,GROUP QUARTERS TYPE (5 TYPES) BY AGE BY DISABILITY STATUS
SRPDIO:2010981,SRPDIO:1000007,number of people,SRPDIO:1001096,institutionalized group quarters,SRPDIO:1001063,under 18 years,SRPDIO:1001035,with a disability/with any disability,B26208_029E,Estimate!!Total!!Group quarters population!!Institutionalized group quarters population!!Population under 18 years!!With a disability,GROUP QUARTERS TYPE (5 TYPES) BY AGE BY DISABILITY STATUS
SRPDIO:2010982,SRPDIO:1000007,number of people,SRPDIO:1001096,institutionalized group quarters,SRPDIO:1001063,under 18 years,SRPDIO:1001034,no disability,B26208_030E,Estimate!!Total!!Group quarters population!!Institutionalized group quarters population!!Population under 18 years!!No disability,GROUP QUARTERS TYPE (5 TYPES) BY AGE BY DISABILITY STATUS
SRPDIO:2010983,SRPDIO:1000007,number of people,SRPDIO:1001096,institutionalized group quarters,SRPDIO:1001065,18 to 64 years,SRPDIO:1001001,disability status,B26208_031E,Estimate!!Total!!Group quarters population!!Institutionalized group quarters population!!Population 18 to 64 years,GROUP QUARTERS TYPE (5 TYPES) BY AGE BY DISABILITY STATUS
SRPDIO:2010984,SRPDIO:1000007,number of people,SRPDIO:1001096,institutionalized group quarters,SRPDIO:1001065,18 to 64 years,SRPDIO:1001035,with a disability/with any disability,B26208_032E,Estimate!!Total!!Group quarters population!!Institutionalized group quarters population!!Population 18 to 64 years!!With a disability,GROUP QUARTERS TYPE (5 TYPES) BY AGE BY DISABILITY STATUS
SRPDIO:2010985,SRPDIO:1000007,number of people,SRPDIO:1001096,institutionalized group quarters,SRPDIO:1001065,18 to 64 years,SRPDIO:1001034,no disability,B26208_033E,Estimate!!Total!!Group quarters population!!Institutionalized group quarters population!!Population 18 to 64 years!!No disability,GROUP QUARTERS TYPE (5 TYPES) BY AGE BY DISABILITY STATUS
SRPDIO:2010986,SRPDIO:1000007,number of people,SRPDIO:1001096,institutionalized group quarters,SRPDIO:1001079,65 years and over,SRPDIO:1001001,disability status,B26208_034E,Estimate!!Total!!Group quarters population!!Institutionalized group quarters population!!Population 65 years and over,GROUP QUARTERS TYPE (5 TYPES) BY AGE BY DISABILITY STATUS
SRPDIO:2010987,SRPDIO:1000007,number of people,SRPDIO:1001096,institutionalized group quarters,SRPDIO:1001079,65 years and over,SRPDIO:1001035,with a disability/with any disability,B26208_035E,Estimate!!Total!!Group quarters population!!Institutionalized group quarters population!!Population 65 years and over!!With a disability,GROUP QUARTERS TYPE (5 TYPES) BY AGE BY DISABILITY STATUS
SRPDIO:2010988,SRPDIO:1000007,number of people,SRPDIO:1001096,institutionalized group quarters,SRPDIO:1001079,65 years and over,SRPDIO:1001034,no disability,B26208_036E,Estimate!!Total!!Group quarters population!!Institutionalized group quarters population!!Population 65 years and over!!No disability,GROUP QUARTERS TYPE (5 TYPES) BY AGE BY DISABILITY STATUS
SRPDIO:2010989,SRPDIO:1000007,number of people,SRPDIO:1001098,adult correctional facilities,SRPDIO:1001008,age category,SRPDIO:1001001,disability status,B26208_037E,Estimate!!Total!!Group quarters population!!Institutionalized group quarters population!!Adult correctional facilities,GROUP QUARTERS TYPE (5 TYPES) BY AGE BY DISABILITY STATUS
SRPDIO:2010990,SRPDIO:1000007,number of people,SRPDIO:1001098,adult correctional facilities,SRPDIO:1001008,age category,SRPDIO:1001035,with a disability/with any disability,B26208_038E,Estimate!!Total!!Group quarters population!!Institutionalized group quarters population!!Adult correctional facilities!!With a disability,GROUP QUARTERS TYPE (5 TYPES) BY AGE BY DISABILITY STATUS
SRPDIO:2010991,SRPDIO:1000007,number of people,SRPDIO:1001098,adult correctional facilities,SRPDIO:1001008,age category,SRPDIO:1001034,no disability,B26208_039E,Estimate!!Total!!Group quarters population!!Institutionalized group quarters population!!Adult correctional facilities!!No disability,GROUP QUARTERS TYPE (5 TYPES) BY AGE BY DISABILITY STATUS
SRPDIO:2010992,SRPDIO:1000007,number of people,SRPDIO:1001098,adult correctional facilities,SRPDIO:1001063,under 18 years,SRPDIO:1001001,disability status,B26208_040E,Estimate!!Total!!Group quarters population!!Institutionalized group quarters population!!Adult correctional facilities!!Population under 18 years,GROUP QUARTERS TYPE (5 TYPES) BY AGE BY DISABILITY STATUS
SRPDIO:2010993,SRPDIO:1000007,number of people,SRPDIO:1001098,adult correctional facilities,SRPDIO:1001063,under 18 years,SRPDIO:1001035,with a disability/with any disability,B26208_041E,Estimate!!Total!!Group quarters population!!Institutionalized group quarters population!!Adult correctional facilities!!Population under 18 years!!With a disability,GROUP QUARTERS TYPE (5 TYPES) BY AGE BY DISABILITY STATUS
SRPDIO:2010994,SRPDIO:1000007,number of people,SRPDIO:1001098,adult correctional facilities,SRPDIO:1001063,under 18 years,SRPDIO:1001034,no disability,B26208_042E,Estimate!!Total!!Group quarters population!!Institutionalized group quarters population!!Adult correctional facilities!!Population under 18 years!!No disability,GROUP QUARTERS TYPE (5 TYPES) BY AGE BY DISABILITY STATUS
SRPDIO:2010995,SRPDIO:1000007,number of people,SRPDIO:1001098,adult correctional facilities,SRPDIO:1001065,18 to 64 years,SRPDIO:1001001,disability status,B26208_043E,Estimate!!Total!!Group quarters population!!Institutionalized group quarters population!!Adult correctional facilities!!Population 18 to 64 years,GROUP QUARTERS TYPE (5 TYPES) BY AGE BY DISABILITY STATUS
SRPDIO:2010996,SRPDIO:1000007,number of people,SRPDIO:1001098,adult correctional facilities,SRPDIO:1001065,18 to 64 years,SRPDIO:1001035,with a disability/with any disability,B26208_044E,Estimate!!Total!!Group quarters population!!Institutionalized group quarters population!!Adult correctional facilities!!Population 18 to 64 years!!With a disability,GROUP QUARTERS TYPE (5 TYPES) BY AGE BY DISABILITY STATUS
SRPDIO:2010997,SRPDIO:1000007,number of people,SRPDIO:1001098,adult correctional facilities,SRPDIO:1001065,18 to 64 years,SRPDIO:1001034,no disability,B26208_045E,Estimate!!Total!!Group quarters population!!Institutionalized group quarters population!!Adult correctional facilities!!Population 18 to 64 years!!No disability,GROUP QUARTERS TYPE (5 TYPES) BY AGE BY DISABILITY STATUS
SRPDIO:2010998,SRPDIO:1000007,number of people,SRPDIO:1001098,adult correctional facilities,SRPDIO:1001079,65 years and over,SRPDIO:1001001,disability status,B26208_046E,Estimate!!Total!!Group quarters population!!Institutionalized group quarters population!!Adult correctional facilities!!Population 65 years and over,GROUP QUARTERS TYPE (5 TYPES) BY AGE BY DISABILITY STATUS
SRPDIO:2010999,SRPDIO:1000007,number of people,SRPDIO:1001098,adult correctional facilities,SRPDIO:1001079,65 years and over,SRPDIO:1001035,with a disability/with any disability,B26208_047E,Estimate!!Total!!Group quarters population!!Institutionalized group quarters population!!Adult correctional facilities!!Population 65 years and over!!With a disability,GROUP QUARTERS TYPE (5 TYPES) BY AGE BY DISABILITY STATUS
SRPDIO:2011000,SRPDIO:1000007,number of people,SRPDIO:1001098,adult correctional facilities,SRPDIO:1001079,65 years and over,SRPDIO:1001034,no disability,B26208_048E,Estimate!!Total!!Group quarters population!!Institutionalized group quarters population!!Adult correctional facilities!!Population 65 years and over!!No disability,GROUP QUARTERS TYPE (5 TYPES) BY AGE BY DISABILITY STATUS
SRPDIO:2011001,SRPDIO:1000007,number of people,SRPDIO:1001099,nursing facilities/skilled nursing facilities,SRPDIO:1001008,age category,SRPDIO:1001001,disability status,B26208_049E,Estimate!!Total!!Group quarters population!!Institutionalized group quarters population!!Nursing facilities/skilled nursing facilities,GROUP QUARTERS TYPE (5 TYPES) BY AGE BY DISABILITY STATUS
SRPDIO:2011002,SRPDIO:1000007,number of people,SRPDIO:1001099,nursing facilities/skilled nursing facilities,SRPDIO:1001008,age category,SRPDIO:1001035,with a disability/with any disability,B26208_050E,Estimate!!Total!!Group quarters population!!Institutionalized group quarters population!!Nursing facilities/skilled nursing facilities!!With a disability,GROUP QUARTERS TYPE (5 TYPES) BY AGE BY DISABILITY STATUS
SRPDIO:2011003,SRPDIO:1000007,number of people,SRPDIO:1001099,nursing facilities/skilled nursing facilities,SRPDIO:1001008,age category,SRPDIO:1001034,no disability,B26208_051E,Estimate!!Total!!Group quarters population!!Institutionalized group quarters population!!Nursing facilities/skilled nursing facilities!!No disability,GROUP QUARTERS TYPE (5 TYPES) BY AGE BY DISABILITY STATUS
SRPDIO:2011004,SRPDIO:1000007,number of people,SRPDIO:1001099,nursing facilities/skilled nursing facilities,SRPDIO:1001065,18 to 64 years,SRPDIO:1001001,disability status,B26208_052E,Estimate!!Total!!Group quarters population!!Institutionalized group quarters population!!Nursing facilities/skilled nursing facilities!!Population 18 to 64 years,GROUP QUARTERS TYPE (5 TYPES) BY AGE BY DISABILITY STATUS
SRPDIO:2011005,SRPDIO:1000007,number of people,SRPDIO:1001099,nursing facilities/skilled nursing facilities,SRPDIO:1001065,18 to 64 years,SRPDIO:1001035,with a disability/with any disability,B26208_053E,Estimate!!Total!!Group quarters population!!Institutionalized group quarters population!!Nursing facilities/skilled nursing facilities!!Population 18 to 64 years!!With a disability,GROUP QUARTERS TYPE (5 TYPES) BY AGE BY DISABILITY STATUS
SRPDIO:2011006,SRPDIO:1000007,number of people,SRPDIO:1001099,nursing facilities/skilled nursing facilities,SRPDIO:1001065,18 to 64 years,SRPDIO:1001034,no disability,B26208_054E,Estimate!!Total!!Group quarters population!!Institutionalized group quarters population!!Nursing facilities/skilled nursing facilities!!Population 18 to 64 years!!No disability,GROUP QUARTERS TYPE (5 TYPES) BY AGE BY DISABILITY STATUS
SRPDIO:2011007,SRPDIO:1000007,number of people,SRPDIO:1001099,nursing facilities/skilled nursing facilities,SRPDIO:1001079,65 years and over,SRPDIO:1001001,disability status,B26208_055E,Estimate!!Total!!Group quarters population!!Institutionalized group quarters population!!Nursing facilities/skilled nursing facilities!!Population 65 years and over,GROUP QUARTERS TYPE (5 TYPES) BY AGE BY DISABILITY STATUS
SRPDIO:2011008,SRPDIO:1000007,number of people,SRPDIO:1001099,nursing facilities/skilled nursing facilities,SRPDIO:1001079,65 years and over,SRPDIO:1001035,with a disability/with any disability,B26208_056E,Estimate!!Total!!Group quarters population!!Institutionalized group quarters population!!Nursing facilities/skilled nursing facilities!!Population 65 years and over!!With a disability,GROUP QUARTERS TYPE (5 TYPES) BY AGE BY DISABILITY STATUS
SRPDIO:2011009,SRPDIO:1000007,number of people,SRPDIO:1001099,nursing facilities/skilled nursing facilities,SRPDIO:1001079,65 years and over,SRPDIO:1001034,no disability,B26208_057E,Estimate!!Total!!Group quarters population!!Institutionalized group quarters population!!Nursing facilities/skilled nursing facilities!!Population 65 years and over!!No disability,GROUP QUARTERS TYPE (5 TYPES) BY AGE BY DISABILITY STATUS
SRPDIO:2011010,SRPDIO:1000007,number of people,SRPDIO:1001101,juvenile facilities,SRPDIO:1001008,age category,SRPDIO:1001001,disability status,B26208_058E,Estimate!!Total!!Group quarters population!!Institutionalized group quarters population!!Juvenile facilities,GROUP QUARTERS TYPE (5 TYPES) BY AGE BY DISABILITY STATUS
SRPDIO:2011011,SRPDIO:1000007,number of people,SRPDIO:1001101,juvenile facilities,SRPDIO:1001008,age category,SRPDIO:1001035,with a disability/with any disability,B26208_059E,Estimate!!Total!!Group quarters population!!Institutionalized group quarters population!!Juvenile facilities!!With a disability,GROUP QUARTERS TYPE (5 TYPES) BY AGE BY DISABILITY STATUS
SRPDIO:2011012,SRPDIO:1000007,number of people,SRPDIO:1001101,juvenile facilities,SRPDIO:1001008,age category,SRPDIO:1001034,no disability,B26208_060E,Estimate!!Total!!Group quarters population!!Institutionalized group quarters population!!Juvenile facilities!!No disability,GROUP QUARTERS TYPE (5 TYPES) BY AGE BY DISABILITY STATUS
SRPDIO:2011013,SRPDIO:1000007,number of people,SRPDIO:1001101,juvenile facilities,SRPDIO:1001063,under 18 years,SRPDIO:1001001,disability status,B26208_061E,Estimate!!Total!!Group quarters population!!Institutionalized group quarters population!!Juvenile facilities!!Population under 18 years,GROUP QUARTERS TYPE (5 TYPES) BY AGE BY DISABILITY STATUS
SRPDIO:2011014,SRPDIO:1000007,number of people,SRPDIO:1001101,juvenile facilities,SRPDIO:1001063,under 18 years,SRPDIO:1001035,with a disability/with any disability,B26208_062E,Estimate!!Total!!Group quarters population!!Institutionalized group quarters population!!Juvenile facilities!!Population under 18 years!!With a disability,GROUP QUARTERS TYPE (5 TYPES) BY AGE BY DISABILITY STATUS
SRPDIO:2011015,SRPDIO:1000007,number of people,SRPDIO:1001101,juvenile facilities,SRPDIO:1001063,under 18 years,SRPDIO:1001034,no disability,B26208_063E,Estimate!!Total!!Group quarters population!!Institutionalized group quarters population!!Juvenile facilities!!Population under 18 years!!No disability,GROUP QUARTERS TYPE (5 TYPES) BY AGE BY DISABILITY STATUS
SRPDIO:2011016,SRPDIO:1000007,number of people,SRPDIO:1001101,juvenile facilities,SRPDIO:1001065,18 to 64 years,SRPDIO:1001001,disability status,B26208_064E,Estimate!!Total!!Group quarters population!!Institutionalized group quarters population!!Juvenile facilities!!Population 18 to 64 years,GROUP QUARTERS TYPE (5 TYPES) BY AGE BY DISABILITY STATUS
SRPDIO:2011017,SRPDIO:1000007,number of people,SRPDIO:1001101,juvenile facilities,SRPDIO:1001065,18 to 64 years,SRPDIO:1001035,with a disability/with any disability,B26208_065E,Estimate!!Total!!Group quarters population!!Institutionalized group quarters population!!Juvenile facilities!!Population 18 to 64 years!!With a disability,GROUP QUARTERS TYPE (5 TYPES) BY AGE BY DISABILITY STATUS
SRPDIO:2011018,SRPDIO:1000007,number of people,SRPDIO:1001101,juvenile facilities,SRPDIO:1001065,18 to 64 years,SRPDIO:1001034,no disability,B26208_066E,Estimate!!Total!!Group quarters population!!Institutionalized group quarters population!!Juvenile facilities!!Population 18 to 64 years!!No disability,GROUP QUARTERS TYPE (5 TYPES) BY AGE BY DISABILITY STATUS
SRPDIO:2011019,SRPDIO:1000007,number of people,SRPDIO:1001097,noninstitutionalized group quarters,SRPDIO:1001008,age category,SRPDIO:1001001,disability status,B26208_067E,Estimate!!Total!!Group quarters population!!Noninstitutionalized group quarters population,GROUP QUARTERS TYPE (5 TYPES) BY AGE BY DISABILITY STATUS
SRPDIO:2011020,SRPDIO:1000007,number of people,SRPDIO:1001097,noninstitutionalized group quarters,SRPDIO:1001008,age category,SRPDIO:1001035,with a disability/with any disability,B26208_068E,Estimate!!Total!!Group quarters population!!Noninstitutionalized group quarters population!!With a disability,GROUP QUARTERS TYPE (5 TYPES) BY AGE BY DISABILITY STATUS
SRPDIO:2011021,SRPDIO:1000007,number of people,SRPDIO:1001097,noninstitutionalized group quarters,SRPDIO:1001008,age category,SRPDIO:1001034,no disability,B26208_069E,Estimate!!Total!!Group quarters population!!Noninstitutionalized group quarters population!!No disability,GROUP QUARTERS TYPE (5 TYPES) BY AGE BY DISABILITY STATUS
SRPDIO:2011022,SRPDIO:1000007,number of people,SRPDIO:1001097,noninstitutionalized group quarters,SRPDIO:1001063,under 18 years,SRPDIO:1001001,disability status,B26208_070E,Estimate!!Total!!Group quarters population!!Noninstitutionalized group quarters population!!Population under 18 years,GROUP QUARTERS TYPE (5 TYPES) BY AGE BY DISABILITY STATUS
SRPDIO:2011023,SRPDIO:1000007,number of people,SRPDIO:1001097,noninstitutionalized group quarters,SRPDIO:1001063,under 18 years,SRPDIO:1001035,with a disability/with any disability,B26208_071E,Estimate!!Total!!Group quarters population!!Noninstitutionalized group quarters population!!Population under 18 years!!With a disability,GROUP QUARTERS TYPE (5 TYPES) BY AGE BY DISABILITY STATUS
SRPDIO:2011024,SRPDIO:1000007,number of people,SRPDIO:1001097,noninstitutionalized group quarters,SRPDIO:1001063,under 18 years,SRPDIO:1001034,no disability,B26208_072E,Estimate!!Total!!Group quarters population!!Noninstitutionalized group quarters population!!Population under 18 years!!No disability,GROUP QUARTERS TYPE (5 TYPES) BY AGE BY DISABILITY STATUS
SRPDIO:2011025,SRPDIO:1000007,number of people,SRPDIO:1001097,noninstitutionalized group quarters,SRPDIO:1001065,18 to 64 years,SRPDIO:1001001,disability status,B26208_073E,Estimate!!Total!!Group quarters population!!Noninstitutionalized group quarters population!!Population 18 to 64 years,GROUP QUARTERS TYPE (5 TYPES) BY AGE BY DISABILITY STATUS
SRPDIO:2011026,SRPDIO:1000007,number of people,SRPDIO:1001097,noninstitutionalized group quarters,SRPDIO:1001065,18 to 64 years,SRPDIO:1001035,with a disability/with any disability,B26208_074E,Estimate!!Total!!Group quarters population!!Noninstitutionalized group quarters population!!Population 18 to 64 years!!With a disability,GROUP QUARTERS TYPE (5 TYPES) BY AGE BY DISABILITY STATUS
SRPDIO:2011027,SRPDIO:1000007,number of people,SRPDIO:1001097,noninstitutionalized group quarters,SRPDIO:1001065,18 to 64 years,SRPDIO:1001034,no disability,B26208_075E,Estimate!!Total!!Group quarters population!!Noninstitutionalized group quarters population!!Population 18 to 64 years!!No disability,GROUP QUARTERS TYPE (5 TYPES) BY AGE BY DISABILITY STATUS
SRPDIO:2011028,SRPDIO:1000007,number of people,SRPDIO:1001097,noninstitutionalized group quarters,SRPDIO:1001079,65 years and over,SRPDIO:1001001,disability status,B26208_076E,Estimate!!Total!!Group quarters population!!Noninstitutionalized group quarters population!!Population 65 years and over,GROUP QUARTERS TYPE (5 TYPES) BY AGE BY DISABILITY STATUS
SRPDIO:2011029,SRPDIO:1000007,number of people,SRPDIO:1001097,noninstitutionalized group quarters,SRPDIO:1001079,65 years and over,SRPDIO:1001035,with a disability/with any disability,B26208_077E,Estimate!!Total!!Group quarters population!!Noninstitutionalized group quarters population!!Population 65 years and over!!With a disability,GROUP QUARTERS TYPE (5 TYPES) BY AGE BY DISABILITY STATUS
SRPDIO:2011030,SRPDIO:1000007,number of people,SRPDIO:1001097,noninstitutionalized group quarters,SRPDIO:1001079,65 years and over,SRPDIO:1001034,no disability,B26208_078E,Estimate!!Total!!Group quarters population!!Noninstitutionalized group quarters population!!Population 65 years and over!!No disability,GROUP QUARTERS TYPE (5 TYPES) BY AGE BY DISABILITY STATUS
SRPDIO:2011031,SRPDIO:1000007,number of people,SRPDIO:1001100,college/university student housing,SRPDIO:1001008,age category,SRPDIO:1001001,disability status,B26208_079E,Estimate!!Total!!Group quarters population!!Noninstitutionalized group quarters population!!College/university student housing,GROUP QUARTERS TYPE (5 TYPES) BY AGE BY DISABILITY STATUS
SRPDIO:2011032,SRPDIO:1000007,number of people,SRPDIO:1001100,college/university student housing,SRPDIO:1001008,age category,SRPDIO:1001035,with a disability/with any disability,B26208_080E,Estimate!!Total!!Group quarters population!!Noninstitutionalized group quarters population!!College/university student housing!!With a disability,GROUP QUARTERS TYPE (5 TYPES) BY AGE BY DISABILITY STATUS
SRPDIO:2011033,SRPDIO:1000007,number of people,SRPDIO:1001100,college/university student housing,SRPDIO:1001008,age category,SRPDIO:1001034,no disability,B26208_081E,Estimate!!Total!!Group quarters population!!Noninstitutionalized group quarters population!!College/university student housing!!No disability,GROUP QUARTERS TYPE (5 TYPES) BY AGE BY DISABILITY STATUS
SRPDIO:2011034,SRPDIO:1000009,number of people,SRPDIO:1001100,college/university student housing,SRPDIO:1001063,under 18 years,SRPDIO:1001001,disability status,B26208_082E,Estimate!!Total!!Group quarters population!!Noninstitutionalized group quarters population!!College/university student housing!!Population under 18 years,GROUP QUARTERS TYPE (5 TYPES) BY AGE BY DISABILITY STATUS
SRPDIO:2011035,SRPDIO:1000007,number of people,SRPDIO:1001100,college/university student housing,SRPDIO:1001063,under 18 years,SRPDIO:1001035,with a disability/with any disability,B26208_083E,Estimate!!Total!!Group quarters population!!Noninstitutionalized group quarters population!!College/university student housing!!Population under 18 years!!With a disability,GROUP QUARTERS TYPE (5 TYPES) BY AGE BY DISABILITY STATUS
SRPDIO:2011036,SRPDIO:1000007,number of people,SRPDIO:1001100,college/university student housing,SRPDIO:1001063,under 18 years,SRPDIO:1001034,no disability,B26208_084E,Estimate!!Total!!Group quarters population!!Noninstitutionalized group quarters population!!College/university student housing!!Population under 18 years!!No disability,GROUP QUARTERS TYPE (5 TYPES) BY AGE BY DISABILITY STATUS
SRPDIO:2011037,SRPDIO:1000007,number of people,SRPDIO:1001100,college/university student housing,SRPDIO:1001065,18 to 64 years,SRPDIO:1001001,disability status,B26208_085E,Estimate!!Total!!Group quarters population!!Noninstitutionalized group quarters population!!College/university student housing!!Population 18 to 64 years,GROUP QUARTERS TYPE (5 TYPES) BY AGE BY DISABILITY STATUS
SRPDIO:2011038,SRPDIO:1000007,number of people,SRPDIO:1001100,college/university student housing,SRPDIO:1001065,18 to 64 years,SRPDIO:1001035,with a disability/with any disability,B26208_086E,Estimate!!Total!!Group quarters population!!Noninstitutionalized group quarters population!!College/university student housing!!Population 18 to 64 years!!With a disability,GROUP QUARTERS TYPE (5 TYPES) BY AGE BY DISABILITY STATUS
SRPDIO:2011039,SRPDIO:1000007,number of people,SRPDIO:1001100,college/university student housing,SRPDIO:1001065,18 to 64 years,SRPDIO:1001034,no disability,B26208_087E,Estimate!!Total!!Group quarters population!!Noninstitutionalized group quarters population!!College/university student housing!!Population 18 to 64 years!!No disability,GROUP QUARTERS TYPE (5 TYPES) BY AGE BY DISABILITY STATUS
SRPDIO:2011040,SRPDIO:1000007,number of people,SRPDIO:1001100,college/university student housing,SRPDIO:1001079,65 years and over,SRPDIO:1001001,disability status,B26208_088E,Estimate!!Total!!Group quarters population!!Noninstitutionalized group quarters population!!College/university student housing!!Population 65 years and over,GROUP QUARTERS TYPE (5 TYPES) BY AGE BY DISABILITY STATUS
SRPDIO:2011041,SRPDIO:1000007,number of people,SRPDIO:1001100,college/university student housing,SRPDIO:1001079,65 years and over,SRPDIO:1001035,with a disability/with any disability,B26208_089E,Estimate!!Total!!Group quarters population!!Noninstitutionalized group quarters population!!College/university student housing!!Population 65 years and over!!With a disability,GROUP QUARTERS TYPE (5 TYPES) BY AGE BY DISABILITY STATUS
SRPDIO:2011042,SRPDIO:1000007,number of people,SRPDIO:1001100,college/university student housing,SRPDIO:1001079,65 years and over,SRPDIO:1001034,no disability,B26208_090E,Estimate!!Total!!Group quarters population!!Noninstitutionalized group quarters population!!College/university student housing!!Population 65 years and over!!No disability,GROUP QUARTERS TYPE (5 TYPES) BY AGE BY DISABILITY STATUS
SRPDIO:2011043,SRPDIO:1000007,number of people,SRPDIO:1001102,military quarters/military ships,SRPDIO:1001008,age category,SRPDIO:1001001,disability status,B26208_091E,Estimate!!Total!!Group quarters population!!Noninstitutionalized group quarters population!!Military quarters/military ships,GROUP QUARTERS TYPE (5 TYPES) BY AGE BY DISABILITY STATUS
SRPDIO:2011044,SRPDIO:1000007,number of people,SRPDIO:1001102,military quarters/military ships,SRPDIO:1001008,age category,SRPDIO:1001035,with a disability/with any disability,B26208_092E,Estimate!!Total!!Group quarters population!!Noninstitutionalized group quarters population!!Military quarters/military ships!!With a disability,GROUP QUARTERS TYPE (5 TYPES) BY AGE BY DISABILITY STATUS
SRPDIO:2011045,SRPDIO:1000007,number of people,SRPDIO:1001102,military quarters/military ships,SRPDIO:1001008,age category,SRPDIO:1001034,no disability,B26208_093E,Estimate!!Total!!Group quarters population!!Noninstitutionalized group quarters population!!Military quarters/military ships!!No disability,GROUP QUARTERS TYPE (5 TYPES) BY AGE BY DISABILITY STATUS
SRPDIO:2011046,SRPDIO:1000007,number of people,SRPDIO:1001102,military quarters/military ships,SRPDIO:1001063,under 18 years,SRPDIO:1001001,disability status,B26208_094E,Estimate!!Total!!Group quarters population!!Noninstitutionalized group quarters population!!Military quarters/military ships!!Population under 18 years,GROUP QUARTERS TYPE (5 TYPES) BY AGE BY DISABILITY STATUS
SRPDIO:2011047,SRPDIO:1000007,number of people,SRPDIO:1001102,military quarters/military ships,SRPDIO:1001063,under 18 years,SRPDIO:1001035,with a disability/with any disability,B26208_095E,Estimate!!Total!!Group quarters population!!Noninstitutionalized group quarters population!!Military quarters/military ships!!Population under 18 years!!With a disability,GROUP QUARTERS TYPE (5 TYPES) BY AGE BY DISABILITY STATUS
SRPDIO:2011048,SRPDIO:1000007,number of people,SRPDIO:1001102,military quarters/military ships,SRPDIO:1001063,under 18 years,SRPDIO:1001034,no disability,B26208_096E,Estimate!!Total!!Group quarters population!!Noninstitutionalized group quarters population!!Military quarters/military ships!!Population under 18 years!!No disability,GROUP QUARTERS TYPE (5 TYPES) BY AGE BY DISABILITY STATUS
SRPDIO:2011049,SRPDIO:1000007,number of people,SRPDIO:1001102,military quarters/military ships,SRPDIO:1001065,18 to 64 years,SRPDIO:1001001,disability status,B26208_097E,Estimate!!Total!!Group quarters population!!Noninstitutionalized group quarters population!!Military quarters/military ships!!Population 18 to 64 years,GROUP QUARTERS TYPE (5 TYPES) BY AGE BY DISABILITY STATUS
SRPDIO:2011050,SRPDIO:1000007,number of people,SRPDIO:1001102,military quarters/military ships,SRPDIO:1001065,18 to 64 years,SRPDIO:1001035,with a disability/with any disability,B26208_098E,Estimate!!Total!!Group quarters population!!Noninstitutionalized group quarters population!!Military quarters/military ships!!Population 18 to 64 years!!With a disability,GROUP QUARTERS TYPE (5 TYPES) BY AGE BY DISABILITY STATUS
SRPDIO:2011051,SRPDIO:1000007,number of people,SRPDIO:1001102,military quarters/military ships,SRPDIO:1001065,18 to 64 years,SRPDIO:1001034,no disability,B26208_099E,Estimate!!Total!!Group quarters population!!Noninstitutionalized group quarters population!!Military quarters/military ships!!Population 18 to 64 years!!No disability,GROUP QUARTERS TYPE (5 TYPES) BY AGE BY DISABILITY STATUS
SRPDIO:2011052,SRPDIO:1000007,number of people,SRPDIO:1001102,military quarters/military ships,SRPDIO:1001079,65 years and over,SRPDIO:1001001,disability status,B26208_100E,Estimate!!Total!!Group quarters population!!Noninstitutionalized group quarters population!!Military quarters/military ships!!Population 65 years and over,GROUP QUARTERS TYPE (5 TYPES) BY AGE BY DISABILITY STATUS
SRPDIO:2011053,SRPDIO:1000007,number of people,SRPDIO:1001102,military quarters/military ships,SRPDIO:1001079,65 years and over,SRPDIO:1001035,with a disability/with any disability,B26208_101E,Estimate!!Total!!Group quarters population!!Noninstitutionalized group quarters population!!Military quarters/military ships!!Population 65 years and over!!With a disability,GROUP QUARTERS TYPE (5 TYPES) BY AGE BY DISABILITY STATUS
SRPDIO:2011054,SRPDIO:1000007,number of people,SRPDIO:1001102,military quarters/military ships,SRPDIO:1001079,65 years and over,SRPDIO:1001034,no disability,B26208_102E,Estimate!!Total!!Group quarters population!!Noninstitutionalized group quarters population!!Military quarters/military ships!!Population 65 years and over!!No disability,GROUP QUARTERS TYPE (5 TYPES) BY AGE BY DISABILITY STATUS
SRPDIO:2011055,SRPDIO:1000007,number of people,SRPDIO:1001011,housing quality,SRPDIO:1001008,age category,SRPDIO:1001001,disability status,B26208_103E,Estimate!!Total!!Household population,GROUP QUARTERS TYPE (5 TYPES) BY AGE BY DISABILITY STATUS