defined_class,count,var1,var1_label,var2,var2_label,var3,var3_label,var4,var4_label,var5,var5_label,var6,var6_label,acs_var_id,acs_label,acs_concept
SRPDIO:2010404,SRPDIO:1000000,PATO:0001894,phenotypic sex,SRPDIO:1001008,age category,SRPDIO:1001024,labor force status,SRPDIO:1001000,civilian status,SRPDIO:1001003,employment status,SRPDIO:1001137,white alone,C23002A_001E,Estimate!!Total,SEX BY AGE BY EMPLOYMENT STATUS FOR THE POPULATION 16 YEARS AND OVER (WHITE ALONE)
SRPDIO:2010405,SRPDIO:1000000,PATO:0000384,male,SRPDIO:1001008,age category,SRPDIO:1001024,labor force status,SRPDIO:1001000,civilian status,SRPDIO:1001003,employment status,SRPDIO:1001137,white alone,C23002A_002E,Estimate!!Total!!Male,SEX BY AGE BY EMPLOYMENT STATUS FOR THE POPULATION 16 YEARS AND OVER (WHITE ALONE)
SRPDIO:2010406,SRPDIO:1000000,PATO:0000384,male,SRPDIO:1001064,16 to 64 years,SRPDIO:1001024,labor force status,SRPDIO:1001000,civilian status,SRPDIO:1001003,employment status,SRPDIO:1001137,white alone,C23002A_003E,Estimate!!Total!!Male!!16 to 64 years,SEX BY AGE BY EMPLOYMENT STATUS FOR THE POPULATION 16 YEARS AND OVER (WHITE ALONE)
SRPDIO:2010407,SRPDIO:1000000,PATO:0000384,male,SRPDIO:1001064,16 to 64 years,SRPDIO:1001114,in labor force,SRPDIO:1001000,civilian status,SRPDIO:1001003,employment status,SRPDIO:1001137,white alone,C23002A_004E,Estimate!!Total!!Male!!16 to 64 years!!In labor force,SEX BY AGE BY EMPLOYMENT STATUS FOR THE POPULATION 16 YEARS AND OVER (WHITE ALONE)
SRPDIO:2010408,SRPDIO:1000000,PATO:0000384,male,SRPDIO:1001064,16 to 64 years,SRPDIO:1001114,in labor force,SRPDIO:1001030,in armed forces,SRPDIO:1001003,employment status,SRPDIO:1001137,white alone,C23002A_005E,Estimate!!Total!!Male!!16 to 64 years!!In labor force!!In Armed Forces,SEX BY AGE BY EMPLOYMENT STATUS FOR THE POPULATION 16 YEARS AND OVER (WHITE ALONE)
SRPDIO:2010409,SRPDIO:1000000,PATO:0000384,male,SRPDIO:1001064,16 to 64 years,SRPDIO:1001114,in labor force,SRPDIO:1001031,civilian,SRPDIO:1001003,employment status,SRPDIO:1001137,white alone,C23002A_006E,Estimate!!Total!!Male!!16 to 64 years!!In labor force!!Civilian,SEX BY AGE BY EMPLOYMENT STATUS FOR THE POPULATION 16 YEARS AND OVER (WHITE ALONE)
SRPDIO:2010410,SRPDIO:1000000,PATO:0000384,male,SRPDIO:1001064,16 to 64 years,SRPDIO:1001114,in labor force,SRPDIO:1001031,civilian,SRPDIO:1001043,employed,SRPDIO:1001137,white alone,C23002A_007E,Estimate!!Total!!Male!!16 to 64 years!!In labor force!!Civilian!!Employed,SEX BY AGE BY EMPLOYMENT STATUS FOR THE POPULATION 16 YEARS AND OVER (WHITE ALONE)
SRPDIO:2010411,SRPDIO:1000000,PATO:0000384,male,SRPDIO:1001064,16 to 64 years,SRPDIO:1001114,in labor force,SRPDIO:1001031,civilian,SRPDIO:1001044,unemployed,SRPDIO:1001137,white alone,C23002A_008E,Estimate!!Total!!Male!!16 to 64 years!!In labor force!!Civilian!!Unemployed,SEX BY AGE BY EMPLOYMENT STATUS FOR THE POPULATION 16 YEARS AND OVER (WHITE ALONE)
SRPDIO:2010412,SRPDIO:1000000,PATO:0000384,male,SRPDIO:1001064,16 to 64 years,SRPDIO:1001128,not in labor force,SRPDIO:1001000,civilian status,SRPDIO:1001187,not employed because not in labor force,SRPDIO:1001137,white alone,C23002A_009E,Estimate!!Total!!Male!!16 to 64 years!!Not in labor force,SEX BY AGE BY EMPLOYMENT STATUS FOR THE POPULATION 16 YEARS AND OVER (WHITE ALONE)
SRPDIO:2010413,SRPDIO:1000000,PATO:0000384,male,SRPDIO:1001079,65 years and over,SRPDIO:1001024,labor force status,SRPDIO:1001000,civilian status,SRPDIO:1001003,employment status,SRPDIO:1001137,white alone,C23002A_010E,Estimate!!Total!!Male!!65 years and over,SEX BY AGE BY EMPLOYMENT STATUS FOR THE POPULATION 16 YEARS AND OVER (WHITE ALONE)
SRPDIO:2010414,SRPDIO:1000000,PATO:0000384,male,SRPDIO:1001079,65 years and over,SRPDIO:1001114,in labor force,SRPDIO:1001000,civilian status,SRPDIO:1001003,employment status,SRPDIO:1001137,white alone,C23002A_011E,Estimate!!Total!!Male!!65 years and over!!In labor force,SEX BY AGE BY EMPLOYMENT STATUS FOR THE POPULATION 16 YEARS AND OVER (WHITE ALONE)
SRPDIO:2010415,SRPDIO:1000000,PATO:0000384,male,SRPDIO:1001079,65 years and over,SRPDIO:1001114,in labor force,SRPDIO:1001000,civilian status,SRPDIO:1001043,employed,SRPDIO:1001137,white alone,C23002A_012E,Estimate!!Total!!Male!!65 years and over!!In labor force!!Employed,SEX BY AGE BY EMPLOYMENT STATUS FOR THE POPULATION 16 YEARS AND OVER (WHITE ALONE)
SRPDIO:2010416,SRPDIO:1000000,PATO:0000384,male,SRPDIO:1001079,65 years and over,SRPDIO:1001114,in labor force,SRPDIO:1001000,civilian status,SRPDIO:1001044,unemployed,SRPDIO:1001137,white alone,C23002A_013E,Estimate!!Total!!Male!!65 years and over!!In labor force!!Unemployed,SEX BY AGE BY EMPLOYMENT STATUS FOR THE POPULATION 16 YEARS AND OVER (WHITE ALONE)
SRPDIO:2010417,SRPDIO:1000000,PATO:0000384,male,SRPDIO:1001079,65 years and over,SRPDIO:1001128,not in labor force,SRPDIO:1001000,civilian status,SRPDIO:1001187,not employed because not in labor force,SRPDIO:1001137,white alone,C23002A_014E,Estimate!!Total!!Male!!65 years and over!!Not in labor force,SEX BY AGE BY EMPLOYMENT STATUS FOR THE POPULATION 16 YEARS AND OVER (WHITE ALONE)
SRPDIO:2010418,SRPDIO:1000000,PATO:0000383,female,SRPDIO:1001008,age category,SRPDIO:1001024,labor force status,SRPDIO:1001000,civilian status,SRPDIO:1001003,employment status,SRPDIO:1001137,white alone,C23002A_015E,Estimate!!Total!!Female,SEX BY AGE BY EMPLOYMENT STATUS FOR THE POPULATION 16 YEARS AND OVER (WHITE ALONE)
SRPDIO:2010419,SRPDIO:1000000,PATO:0000383,female,SRPDIO:1001064,16 to 64 years,SRPDIO:1001024,labor force status,SRPDIO:1001000,civilian status,SRPDIO:1001003,employment status,SRPDIO:1001137,white alone,C23002A_016E,Estimate!!Total!!Female!!16 to 64 years,SEX BY AGE BY EMPLOYMENT STATUS FOR THE POPULATION 16 YEARS AND OVER (WHITE ALONE)
SRPDIO:2010420,SRPDIO:1000000,PATO:0000383,female,SRPDIO:1001064,16 to 64 years,SRPDIO:1001114,in labor force,SRPDIO:1001000,civilian status,SRPDIO:1001003,employment status,SRPDIO:1001137,white alone,C23002A_017E,Estimate!!Total!!Female!!16 to 64 years!!In labor force,SEX BY AGE BY EMPLOYMENT STATUS FOR THE POPULATION 16 YEARS AND OVER (WHITE ALONE)
SRPDIO:2010421,SRPDIO:1000000,PATO:0000383,female,SRPDIO:1001064,16 to 64 years,SRPDIO:1001114,in labor force,SRPDIO:1001030,in armed forces,SRPDIO:1001003,employment status,SRPDIO:1001137,white alone,C23002A_018E,Estimate!!Total!!Female!!16 to 64 years!!In labor force!!In Armed Forces,SEX BY AGE BY EMPLOYMENT STATUS FOR THE POPULATION 16 YEARS AND OVER (WHITE ALONE)
SRPDIO:2010422,SRPDIO:1000000,PATO:0000383,female,SRPDIO:1001064,16 to 64 years,SRPDIO:1001114,in labor force,SRPDIO:1001031,civilian,SRPDIO:1001003,employment status,SRPDIO:1001137,white alone,C23002A_019E,Estimate!!Total!!Female!!16 to 64 years!!In labor force!!Civilian,SEX BY AGE BY EMPLOYMENT STATUS FOR THE POPULATION 16 YEARS AND OVER (WHITE ALONE)
SRPDIO:2010423,SRPDIO:1000000,PATO:0000383,female,SRPDIO:1001064,16 to 64 years,SRPDIO:1001114,in labor force,SRPDIO:1001031,civilian,SRPDIO:1001043,employed,SRPDIO:1001137,white alone,C23002A_020E,Estimate!!Total!!Female!!16 to 64 years!!In labor force!!Civilian!!Employed,SEX BY AGE BY EMPLOYMENT STATUS FOR THE POPULATION 16 YEARS AND OVER (WHITE ALONE)
SRPDIO:2010424,SRPDIO:1000000,PATO:0000383,female,SRPDIO:1001064,16 to 64 years,SRPDIO:1001114,in labor force,SRPDIO:1001031,civilian,SRPDIO:1001044,unemployed,SRPDIO:1001137,white alone,C23002A_021E,Estimate!!Total!!Female!!16 to 64 years!!In labor force!!Civilian!!Unemployed,SEX BY AGE BY EMPLOYMENT STATUS FOR THE POPULATION 16 YEARS AND OVER (WHITE ALONE)
SRPDIO:2010425,SRPDIO:1000000,PATO:0000383,female,SRPDIO:1001064,16 to 64 years,SRPDIO:1001128,not in labor force,SRPDIO:1001000,civilian status,SRPDIO:1001187,not employed because not in labor force,SRPDIO:1001137,white alone,C23002A_022E,Estimate!!Total!!Female!!16 to 64 years!!Not in labor force,SEX BY AGE BY EMPLOYMENT STATUS FOR THE POPULATION 16 YEARS AND OVER (WHITE ALONE)
SRPDIO:2010426,SRPDIO:1000000,PATO:0000383,female,SRPDIO:1001079,65 years and over,SRPDIO:1001024,labor force status,SRPDIO:1001000,civilian status,SRPDIO:1001003,employment status,SRPDIO:1001137,white alone,C23002A_023E,Estimate!!Total!!Female!!65 years and over,SEX BY AGE BY EMPLOYMENT STATUS FOR THE POPULATION 16 YEARS AND OVER (WHITE ALONE)
SRPDIO:2010427,SRPDIO:1000000,PATO:0000383,female,SRPDIO:1001079,65 years and over,SRPDIO:1001114,in labor force,SRPDIO:1001000,civilian status,SRPDIO:1001003,employment status,SRPDIO:1001137,white alone,C23002A_024E,Estimate!!Total!!Female!!65 years and over!!In labor force,SEX BY AGE BY EMPLOYMENT STATUS FOR THE POPULATION 16 YEARS AND OVER (WHITE ALONE)
SRPDIO:2010428,SRPDIO:1000000,PATO:0000383,female,SRPDIO:1001079,65 years and over,SRPDIO:1001114,in labor force,SRPDIO:1001000,civilian status,SRPDIO:1001043,employed,SRPDIO:1001137,white alone,C23002A_025E,Estimate!!Total!!Female!!65 years and over!!In labor force!!Employed,SEX BY AGE BY EMPLOYMENT STATUS FOR THE POPULATION 16 YEARS AND OVER (WHITE ALONE)
SRPDIO:2010429,SRPDIO:1000000,PATO:0000383,female,SRPDIO:1001079,65 years and over,SRPDIO:1001114,in labor force,SRPDIO:1001000,civilian status,SRPDIO:1001044,unemployed,SRPDIO:1001137,white alone,C23002A_026E,Estimate!!Total!!Female!!65 years and over!!In labor force!!Unemployed,SEX BY AGE BY EMPLOYMENT STATUS FOR THE POPULATION 16 YEARS AND OVER (WHITE ALONE)
SRPDIO:2010430,SRPDIO:1000000,PATO:0000383,female,SRPDIO:1001079,65 years and over,SRPDIO:1001128,not in labor force,SRPDIO:1001000,civilian status,SRPDIO:1001187,not employed because not in labor force,SRPDIO:1001137,white alone,C23002A_027E,Estimate!!Total!!Female!!65 years and over!!Not in labor force,SEX BY AGE BY EMPLOYMENT STATUS FOR THE POPULATION 16 YEARS AND OVER (WHITE ALONE)
SRPDIO:2010431,SRPDIO:1000000,PATO:0001894,phenotypic sex,SRPDIO:1001008,age category,SRPDIO:1001024,labor force status,SRPDIO:1001000,civilian status,SRPDIO:1001003,employment status,SRPDIO:1001133,black or African American alone,C23002B_001E,Estimate!!Total,SEX BY AGE BY EMPLOYMENT STATUS FOR THE POPULATION 16 YEARS AND OVER (BLACK OR AFRICAN AMERICAN ALONE)
SRPDIO:2010432,SRPDIO:1000000,PATO:0000384,male,SRPDIO:1001008,age category,SRPDIO:1001024,labor force status,SRPDIO:1001000,civilian status,SRPDIO:1001003,employment status,SRPDIO:1001133,black or African American alone,C23002B_002E,Estimate!!Total!!Male,SEX BY AGE BY EMPLOYMENT STATUS FOR THE POPULATION 16 YEARS AND OVER (BLACK OR AFRICAN AMERICAN ALONE)
SRPDIO:2010433,SRPDIO:1000000,PATO:0000384,male,SRPDIO:1001064,16 to 64 years,SRPDIO:1001024,labor force status,SRPDIO:1001000,civilian status,SRPDIO:1001003,employment status,SRPDIO:1001133,black or African American alone,C23002B_003E,Estimate!!Total!!Male!!16 to 64 years,SEX BY AGE BY EMPLOYMENT STATUS FOR THE POPULATION 16 YEARS AND OVER (BLACK OR AFRICAN AMERICAN ALONE)
SRPDIO:2010434,SRPDIO:1000000,PATO:0000384,male,SRPDIO:1001064,16 to 64 years,SRPDIO:1001114,in labor force,SRPDIO:1001000,civilian status,SRPDIO:1001003,employment status,SRPDIO:1001133,black or African American alone,C23002B_004E,Estimate!!Total!!Male!!16 to 64 years!!In labor force,SEX BY AGE BY EMPLOYMENT STATUS FOR THE POPULATION 16 YEARS AND OVER (BLACK OR AFRICAN AMERICAN ALONE)
SRPDIO:2010435,SRPDIO:1000000,PATO:0000384,male,SRPDIO:1001064,16 to 64 years,SRPDIO:1001114,in labor force,SRPDIO:1001030,in armed forces,SRPDIO:1001003,employment status,SRPDIO:1001133,black or African American alone,C23002B_005E,Estimate!!Total!!Male!!16 to 64 years!!In labor force!!In Armed Forces,SEX BY AGE BY EMPLOYMENT STATUS FOR THE POPULATION 16 YEARS AND OVER (BLACK OR AFRICAN AMERICAN ALONE)
SRPDIO:2010436,SRPDIO:1000000,PATO:0000384,male,SRPDIO:1001064,16 to 64 years,SRPDIO:1001114,in labor force,SRPDIO:1001031,civilian,SRPDIO:1001003,employment status,SRPDIO:1001133,black or African American alone,C23002B_006E,Estimate!!Total!!Male!!16 to 64 years!!In labor force!!Civilian,SEX BY AGE BY EMPLOYMENT STATUS FOR THE POPULATION 16 YEARS AND OVER (BLACK OR AFRICAN AMERICAN ALONE)
SRPDIO:2010437,SRPDIO:1000000,PATO:0000384,male,SRPDIO:1001064,16 to 64 years,SRPDIO:1001114,in labor force,SRPDIO:1001031,civilian,SRPDIO:1001043,employed,SRPDIO:1001133,black or African American alone,C23002B_007E,Estimate!!Total!!Male!!16 to 64 years!!In labor force!!Civilian!!Employed,SEX BY AGE BY EMPLOYMENT STATUS FOR THE POPULATION 16 YEARS AND OVER (BLACK OR AFRICAN AMERICAN ALONE)
SRPDIO:2010438,SRPDIO:1000000,PATO:0000384,male,SRPDIO:1001064,16 to 64 years,SRPDIO:1001114,in labor force,SRPDIO:1001031,civilian,SRPDIO:1001044,unemployed,SRPDIO:1001133,black or African American alone,C23002B_008E,Estimate!!Total!!Male!!16 to 64 years!!In labor force!!Civilian!!Unemployed,SEX BY AGE BY EMPLOYMENT STATUS FOR THE POPULATION 16 YEARS AND OVER (BLACK OR AFRICAN AMERICAN ALONE)
SRPDIO:2010439,SRPDIO:1000000,PATO:0000384,male,SRPDIO:1001064,16 to 64 years,SRPDIO:1001128,not in labor force,SRPDIO:1001000,civilian status,SRPDIO:1001187,not employed because not in labor force,SRPDIO:1001133,black or African American alone,C23002B_009E,Estimate!!Total!!Male!!16 to 64 years!!Not in labor force,SEX BY AGE BY EMPLOYMENT STATUS FOR THE POPULATION 16 YEARS AND OVER (BLACK OR AFRICAN AMERICAN ALONE)
SRPDIO:2010440,SRPDIO:1000000,PATO:0000384,male,SRPDIO:1001079,65 years and over,SRPDIO:1001024,labor force status,SRPDIO:1001000,civilian status,SRPDIO:1001003,employment status,SRPDIO:1001133,black or African American alone,C23002B_010E,Estimate!!Total!!Male!!65 years and over,SEX BY AGE BY EMPLOYMENT STATUS FOR THE POPULATION 16 YEARS AND OVER (BLACK OR AFRICAN AMERICAN ALONE)
SRPDIO:2010441,SRPDIO:1000000,PATO:0000384,male,SRPDIO:1001079,65 years and over,SRPDIO:1001024,labor force status,SRPDIO:1001000,civilian status,SRPDIO:1001003,employment status,SRPDIO:1001133,black or African American alone,C23002B_011E,Estimate!!Total!!Male!!65 years and over!!In labor force,SEX BY AGE BY EMPLOYMENT STATUS FOR THE POPULATION 16 YEARS AND OVER (BLACK OR AFRICAN AMERICAN ALONE)
SRPDIO:2010442,SRPDIO:1000000,PATO:0000384,male,SRPDIO:1001079,65 years and over,SRPDIO:1001024,labor force status,SRPDIO:1001000,civilian status,SRPDIO:1001043,employed,SRPDIO:1001133,black or African American alone,C23002B_012E,Estimate!!Total!!Male!!65 years and over!!In labor force!!Employed,SEX BY AGE BY EMPLOYMENT STATUS FOR THE POPULATION 16 YEARS AND OVER (BLACK OR AFRICAN AMERICAN ALONE)
SRPDIO:2010443,SRPDIO:1000000,PATO:0000384,male,SRPDIO:1001079,65 years and over,SRPDIO:1001114,in labor force,SRPDIO:1001000,civilian status,SRPDIO:1001044,unemployed,SRPDIO:1001133,black or African American alone,C23002B_013E,Estimate!!Total!!Male!!65 years and over!!In labor force!!Unemployed,SEX BY AGE BY EMPLOYMENT STATUS FOR THE POPULATION 16 YEARS AND OVER (BLACK OR AFRICAN AMERICAN ALONE)
SRPDIO:2010444,SRPDIO:1000000,PATO:0000384,male,SRPDIO:1001079,65 years and over,SRPDIO:1001128,not in labor force,SRPDIO:1001000,civilian status,SRPDIO:1001187,not employed because not in labor force,SRPDIO:1001133,black or African American alone,C23002B_014E,Estimate!!Total!!Male!!65 years and over!!Not in labor force,SEX BY AGE BY EMPLOYMENT STATUS FOR THE POPULATION 16 YEARS AND OVER (BLACK OR AFRICAN AMERICAN ALONE)
SRPDIO:2010445,SRPDIO:1000000,PATO:0000383,female,SRPDIO:1001008,age category,SRPDIO:1001024,labor force status,SRPDIO:1001000,civilian status,SRPDIO:1001003,employment status,SRPDIO:1001133,black or African American alone,C23002B_015E,Estimate!!Total!!Female,SEX BY AGE BY EMPLOYMENT STATUS FOR THE POPULATION 16 YEARS AND OVER (BLACK OR AFRICAN AMERICAN ALONE)
SRPDIO:2010446,SRPDIO:1000000,PATO:0000383,female,SRPDIO:1001064,16 to 64 years,SRPDIO:1001024,labor force status,SRPDIO:1001000,civilian status,SRPDIO:1001003,employment status,SRPDIO:1001133,black or African American alone,C23002B_016E,Estimate!!Total!!Female!!16 to 64 years,SEX BY AGE BY EMPLOYMENT STATUS FOR THE POPULATION 16 YEARS AND OVER (BLACK OR AFRICAN AMERICAN ALONE)
SRPDIO:2010447,SRPDIO:1000000,PATO:0000383,female,SRPDIO:1001064,16 to 64 years,SRPDIO:1001114,in labor force,SRPDIO:1001000,civilian status,SRPDIO:1001003,employment status,SRPDIO:1001133,black or African American alone,C23002B_017E,Estimate!!Total!!Female!!16 to 64 years!!In labor force,SEX BY AGE BY EMPLOYMENT STATUS FOR THE POPULATION 16 YEARS AND OVER (BLACK OR AFRICAN AMERICAN ALONE)
SRPDIO:2010448,SRPDIO:1000000,PATO:0000383,female,SRPDIO:1001064,16 to 64 years,SRPDIO:1001114,in labor force,SRPDIO:1001030,in armed forces,SRPDIO:1001003,employment status,SRPDIO:1001133,black or African American alone,C23002B_018E,Estimate!!Total!!Female!!16 to 64 years!!In labor force!!In Armed Forces,SEX BY AGE BY EMPLOYMENT STATUS FOR THE POPULATION 16 YEARS AND OVER (BLACK OR AFRICAN AMERICAN ALONE)
SRPDIO:2010449,SRPDIO:1000000,PATO:0000383,female,SRPDIO:1001064,16 to 64 years,SRPDIO:1001114,in labor force,SRPDIO:1001031,civilian,SRPDIO:1001003,employment status,SRPDIO:1001133,black or African American alone,C23002B_019E,Estimate!!Total!!Female!!16 to 64 years!!In labor force!!Civilian,SEX BY AGE BY EMPLOYMENT STATUS FOR THE POPULATION 16 YEARS AND OVER (BLACK OR AFRICAN AMERICAN ALONE)
SRPDIO:2010450,SRPDIO:1000000,PATO:0000383,female,SRPDIO:1001064,16 to 64 years,SRPDIO:1001114,in labor force,SRPDIO:1001031,civilian,SRPDIO:1001043,employed,SRPDIO:1001133,black or African American alone,C23002B_020E,Estimate!!Total!!Female!!16 to 64 years!!In labor force!!Civilian!!Employed,SEX BY AGE BY EMPLOYMENT STATUS FOR THE POPULATION 16 YEARS AND OVER (BLACK OR AFRICAN AMERICAN ALONE)
SRPDIO:2010451,SRPDIO:1000000,PATO:0000383,female,SRPDIO:1001064,16 to 64 years,SRPDIO:1001114,in labor force,SRPDIO:1001031,civilian,SRPDIO:1001044,unemployed,SRPDIO:1001133,black or African American alone,C23002B_021E,Estimate!!Total!!Female!!16 to 64 years!!In labor force!!Civilian!!Unemployed,SEX BY AGE BY EMPLOYMENT STATUS FOR THE POPULATION 16 YEARS AND OVER (BLACK OR AFRICAN AMERICAN ALONE)
SRPDIO:2010452,SRPDIO:1000000,PATO:0000383,female,SRPDIO:1001064,16 to 64 years,SRPDIO:1001128,not in labor force,SRPDIO:1001000,civilian status,SRPDIO:1001187,not employed because not in labor force,SRPDIO:1001133,black or African American alone,C23002B_022E,Estimate!!Total!!Female!!16 to 64 years!!Not in labor force,SEX BY AGE BY EMPLOYMENT STATUS FOR THE POPULATION 16 YEARS AND OVER (BLACK OR AFRICAN AMERICAN ALONE)
SRPDIO:2010453,SRPDIO:1000000,PATO:0000383,female,SRPDIO:1001079,65 years and over,SRPDIO:1001024,labor force status,SRPDIO:1001000,civilian status,SRPDIO:1001003,employment status,SRPDIO:1001133,black or African American alone,C23002B_023E,Estimate!!Total!!Female!!65 years and over,SEX BY AGE BY EMPLOYMENT STATUS FOR THE POPULATION 16 YEARS AND OVER (BLACK OR AFRICAN AMERICAN ALONE)
SRPDIO:2010454,SRPDIO:1000000,PATO:0000383,female,SRPDIO:1001079,65 years and over,SRPDIO:1001114,in labor force,SRPDIO:1001000,civilian status,SRPDIO:1001003,employment status,SRPDIO:1001133,black or African American alone,C23002B_024E,Estimate!!Total!!Female!!65 years and over!!In labor force,SEX BY AGE BY EMPLOYMENT STATUS FOR THE POPULATION 16 YEARS AND OVER (BLACK OR AFRICAN AMERICAN ALONE)
SRPDIO:2010455,SRPDIO:1000000,PATO:0000383,female,SRPDIO:1001079,65 years and over,SRPDIO:1001114,in labor force,SRPDIO:1001000,civilian status,SRPDIO:1001043,employed,SRPDIO:1001133,black or African American alone,C23002B_025E,Estimate!!Total!!Female!!65 years and over!!In labor force!!Employed,SEX BY AGE BY EMPLOYMENT STATUS FOR THE POPULATION 16 YEARS AND OVER (BLACK OR AFRICAN AMERICAN ALONE)
SRPDIO:2010456,SRPDIO:1000000,PATO:0000383,female,SRPDIO:1001079,65 years and over,SRPDIO:1001114,in labor force,SRPDIO:1001000,civilian status,SRPDIO:1001044,unemployed,SRPDIO:1001133,black or African American alone,C23002B_026E,Estimate!!Total!!Female!!65 years and over!!In labor force!!Unemployed,SEX BY AGE BY EMPLOYMENT STATUS FOR THE POPULATION 16 YEARS AND OVER (BLACK OR AFRICAN AMERICAN ALONE)
SRPDIO:2010457,SRPDIO:1000000,PATO:0000383,female,SRPDIO:1001079,65 years and over,SRPDIO:1001128,not in labor force,SRPDIO:1001000,civilian status,SRPDIO:1001187,not employed because not in labor force,SRPDIO:1001133,black or African American alone,C23002B_027E,Estimate!!Total!!Female!!65 years and over!!Not in labor force,SEX BY AGE BY EMPLOYMENT STATUS FOR THE POPULATION 16 YEARS AND OVER (BLACK OR AFRICAN AMERICAN ALONE)
SRPDIO:2010458,SRPDIO:1000000,PATO:0001894,phenotypic sex,SRPDIO:1001008,age category,SRPDIO:1001024,labor force status,SRPDIO:1001000,civilian status,SRPDIO:1001003,employment status,SRPDIO:1001131,American Indian and Alaskan native alone,C23002C_001E,Estimate!!Total,SEX BY AGE BY EMPLOYMENT STATUS FOR THE POPULATION 16 YEARS AND OVER (AMERICAN INDIAN AND ALASKA NATIVE ALONE)
SRPDIO:2010459,SRPDIO:1000000,PATO:0000384,male,SRPDIO:1001008,age category,SRPDIO:1001024,labor force status,SRPDIO:1001000,civilian status,SRPDIO:1001003,employment status,SRPDIO:1001131,American Indian and Alaskan native alone,C23002C_002E,Estimate!!Total!!Male,SEX BY AGE BY EMPLOYMENT STATUS FOR THE POPULATION 16 YEARS AND OVER (AMERICAN INDIAN AND ALASKA NATIVE ALONE)
SRPDIO:2010460,SRPDIO:1000000,PATO:0000384,male,SRPDIO:1001064,16 to 64 years,SRPDIO:1001024,labor force status,SRPDIO:1001000,civilian status,SRPDIO:1001003,employment status,SRPDIO:1001131,American Indian and Alaskan native alone,C23002C_003E,Estimate!!Total!!Male!!16 to 64 years,SEX BY AGE BY EMPLOYMENT STATUS FOR THE POPULATION 16 YEARS AND OVER (AMERICAN INDIAN AND ALASKA NATIVE ALONE)
SRPDIO:2010461,SRPDIO:1000000,PATO:0000384,male,SRPDIO:1001064,16 to 64 years,SRPDIO:1001114,in labor force,SRPDIO:1001000,civilian status,SRPDIO:1001003,employment status,SRPDIO:1001131,American Indian and Alaskan native alone,C23002C_004E,Estimate!!Total!!Male!!16 to 64 years!!In labor force,SEX BY AGE BY EMPLOYMENT STATUS FOR THE POPULATION 16 YEARS AND OVER (AMERICAN INDIAN AND ALASKA NATIVE ALONE)
SRPDIO:2010462,SRPDIO:1000000,PATO:0000384,male,SRPDIO:1001064,16 to 64 years,SRPDIO:1001114,in labor force,SRPDIO:1001030,in armed forces,SRPDIO:1001003,employment status,SRPDIO:1001131,American Indian and Alaskan native alone,C23002C_005E,Estimate!!Total!!Male!!16 to 64 years!!In labor force!!In Armed Forces,SEX BY AGE BY EMPLOYMENT STATUS FOR THE POPULATION 16 YEARS AND OVER (AMERICAN INDIAN AND ALASKA NATIVE ALONE)
SRPDIO:2010463,SRPDIO:1000000,PATO:0000384,male,SRPDIO:1001064,16 to 64 years,SRPDIO:1001114,in labor force,SRPDIO:1001031,civilian,SRPDIO:1001003,employment status,SRPDIO:1001131,American Indian and Alaskan native alone,C23002C_006E,Estimate!!Total!!Male!!16 to 64 years!!In labor force!!Civilian,SEX BY AGE BY EMPLOYMENT STATUS FOR THE POPULATION 16 YEARS AND OVER (AMERICAN INDIAN AND ALASKA NATIVE ALONE)
SRPDIO:2010464,SRPDIO:1000000,PATO:0000384,male,SRPDIO:1001064,16 to 64 years,SRPDIO:1001114,in labor force,SRPDIO:1001031,civilian,SRPDIO:1001043,employed,SRPDIO:1001131,American Indian and Alaskan native alone,C23002C_007E,Estimate!!Total!!Male!!16 to 64 years!!In labor force!!Civilian!!Employed,SEX BY AGE BY EMPLOYMENT STATUS FOR THE POPULATION 16 YEARS AND OVER (AMERICAN INDIAN AND ALASKA NATIVE ALONE)
SRPDIO:2010465,SRPDIO:1000000,PATO:0000384,male,SRPDIO:1001064,16 to 64 years,SRPDIO:1001114,in labor force,SRPDIO:1001031,civilian,SRPDIO:1001044,unemployed,SRPDIO:1001131,American Indian and Alaskan native alone,C23002C_008E,Estimate!!Total!!Male!!16 to 64 years!!In labor force!!Civilian!!Unemployed,SEX BY AGE BY EMPLOYMENT STATUS FOR THE POPULATION 16 YEARS AND OVER (AMERICAN INDIAN AND ALASKA NATIVE ALONE)
SRPDIO:2010466,SRPDIO:1000000,PATO:0000384,male,SRPDIO:1001064,16 to 64 years,SRPDIO:1001128,not in labor force,SRPDIO:1001000,civilian status,SRPDIO:1001187,not employed because not in labor force,SRPDIO:1001131,American Indian and Alaskan native alone,C23002C_009E,Estimate!!Total!!Male!!16 to 64 years!!Not in labor force,SEX BY AGE BY EMPLOYMENT STATUS FOR THE POPULATION 16 YEARS AND OVER (AMERICAN INDIAN AND ALASKA NATIVE ALONE)
SRPDIO:2010467,SRPDIO:1000000,PATO:0000384,male,SRPDIO:1001079,65 years and over,SRPDIO:1001024,labor force status,SRPDIO:1001000,civilian status,SRPDIO:1001003,employment status,SRPDIO:1001131,American Indian and Alaskan native alone,C23002C_010E,Estimate!!Total!!Male!!65 years and over,SEX BY AGE BY EMPLOYMENT STATUS FOR THE POPULATION 16 YEARS AND OVER (AMERICAN INDIAN AND ALASKA NATIVE ALONE)
SRPDIO:2010468,SRPDIO:1000000,PATO:0000384,male,SRPDIO:1001079,65 years and over,SRPDIO:1001114,in labor force,SRPDIO:1001000,civilian status,SRPDIO:1001003,employment status,SRPDIO:1001131,American Indian and Alaskan native alone,C23002C_011E,Estimate!!Total!!Male!!65 years and over!!In labor force,SEX BY AGE BY EMPLOYMENT STATUS FOR THE POPULATION 16 YEARS AND OVER (AMERICAN INDIAN AND ALASKA NATIVE ALONE)
SRPDIO:2010469,SRPDIO:1000000,PATO:0000384,male,SRPDIO:1001079,65 years and over,SRPDIO:1001114,in labor force,SRPDIO:1001000,civilian status,SRPDIO:1001003,employment status,SRPDIO:1001131,American Indian and Alaskan native alone,C23002C_012E,Estimate!!Total!!Male!!65 years and over!!In labor force!!Employed,SEX BY AGE BY EMPLOYMENT STATUS FOR THE POPULATION 16 YEARS AND OVER (AMERICAN INDIAN AND ALASKA NATIVE ALONE)
SRPDIO:2010470,SRPDIO:1000000,PATO:0000384,male,SRPDIO:1001079,65 years and over,SRPDIO:1001114,in labor force,SRPDIO:1001000,civilian status,SRPDIO:1001003,employment status,SRPDIO:1001131,American Indian and Alaskan native alone,C23002C_013E,Estimate!!Total!!Male!!65 years and over!!In labor force!!Unemployed,SEX BY AGE BY EMPLOYMENT STATUS FOR THE POPULATION 16 YEARS AND OVER (AMERICAN INDIAN AND ALASKA NATIVE ALONE)
SRPDIO:2010471,SRPDIO:1000000,PATO:0000384,male,SRPDIO:1001079,65 years and over,SRPDIO:1001128,not in labor force,SRPDIO:1001000,civilian status,SRPDIO:1001003,employment status,SRPDIO:1001131,American Indian and Alaskan native alone,C23002C_014E,Estimate!!Total!!Male!!65 years and over!!Not in labor force,SEX BY AGE BY EMPLOYMENT STATUS FOR THE POPULATION 16 YEARS AND OVER (AMERICAN INDIAN AND ALASKA NATIVE ALONE)
SRPDIO:2010472,SRPDIO:1000000,PATO:0000383,female,SRPDIO:1001008,age category,SRPDIO:1001024,labor force status,SRPDIO:1001000,civilian status,SRPDIO:1001003,employment status,SRPDIO:1001131,American Indian and Alaskan native alone,C23002C_015E,Estimate!!Total!!Female,SEX BY AGE BY EMPLOYMENT STATUS FOR THE POPULATION 16 YEARS AND OVER (AMERICAN INDIAN AND ALASKA NATIVE ALONE)
SRPDIO:2010473,SRPDIO:1000000,PATO:0000383,female,SRPDIO:1001064,16 to 64 years,SRPDIO:1001024,labor force status,SRPDIO:1001000,civilian status,SRPDIO:1001003,employment status,SRPDIO:1001131,American Indian and Alaskan native alone,C23002C_016E,Estimate!!Total!!Female!!16 to 64 years,SEX BY AGE BY EMPLOYMENT STATUS FOR THE POPULATION 16 YEARS AND OVER (AMERICAN INDIAN AND ALASKA NATIVE ALONE)
SRPDIO:2010474,SRPDIO:1000000,PATO:0000383,female,SRPDIO:1001064,16 to 64 years,SRPDIO:1001114,in labor force,SRPDIO:1001000,civilian status,SRPDIO:1001003,employment status,SRPDIO:1001131,American Indian and Alaskan native alone,C23002C_017E,Estimate!!Total!!Female!!16 to 64 years!!In labor force,SEX BY AGE BY EMPLOYMENT STATUS FOR THE POPULATION 16 YEARS AND OVER (AMERICAN INDIAN AND ALASKA NATIVE ALONE)
SRPDIO:2010475,SRPDIO:1000000,PATO:0000383,female,SRPDIO:1001064,16 to 64 years,SRPDIO:1001114,in labor force,SRPDIO:1001030,in armed forces,SRPDIO:1001003,employment status,SRPDIO:1001131,American Indian and Alaskan native alone,C23002C_018E,Estimate!!Total!!Female!!16 to 64 years!!In labor force!!In Armed Forces,SEX BY AGE BY EMPLOYMENT STATUS FOR THE POPULATION 16 YEARS AND OVER (AMERICAN INDIAN AND ALASKA NATIVE ALONE)
SRPDIO:2010476,SRPDIO:1000000,PATO:0000383,female,SRPDIO:1001064,16 to 64 years,SRPDIO:1001114,in labor force,SRPDIO:1001031,civilian,SRPDIO:1001003,employment status,SRPDIO:1001131,American Indian and Alaskan native alone,C23002C_019E,Estimate!!Total!!Female!!16 to 64 years!!In labor force!!Civilian,SEX BY AGE BY EMPLOYMENT STATUS FOR THE POPULATION 16 YEARS AND OVER (AMERICAN INDIAN AND ALASKA NATIVE ALONE)
SRPDIO:2010477,SRPDIO:1000000,PATO:0000383,female,SRPDIO:1001064,16 to 64 years,SRPDIO:1001114,in labor force,SRPDIO:1001031,civilian,SRPDIO:1001043,employed,SRPDIO:1001131,American Indian and Alaskan native alone,C23002C_020E,Estimate!!Total!!Female!!16 to 64 years!!In labor force!!Civilian!!Employed,SEX BY AGE BY EMPLOYMENT STATUS FOR THE POPULATION 16 YEARS AND OVER (AMERICAN INDIAN AND ALASKA NATIVE ALONE)
SRPDIO:2010478,SRPDIO:1000000,PATO:0000383,female,SRPDIO:1001064,16 to 64 years,SRPDIO:1001114,in labor force,SRPDIO:1001031,civilian,SRPDIO:1001044,unemployed,SRPDIO:1001131,American Indian and Alaskan native alone,C23002C_021E,Estimate!!Total!!Female!!16 to 64 years!!In labor force!!Civilian!!Unemployed,SEX BY AGE BY EMPLOYMENT STATUS FOR THE POPULATION 16 YEARS AND OVER (AMERICAN INDIAN AND ALASKA NATIVE ALONE)
SRPDIO:2010479,SRPDIO:1000000,PATO:0000383,female,SRPDIO:1001064,16 to 64 years,SRPDIO:1001128,not in labor force,SRPDIO:1001000,civilian status,SRPDIO:1001187,not employed because not in labor force,SRPDIO:1001131,American Indian and Alaskan native alone,C23002C_022E,Estimate!!Total!!Female!!16 to 64 years!!Not in labor force,SEX BY AGE BY EMPLOYMENT STATUS FOR THE POPULATION 16 YEARS AND OVER (AMERICAN INDIAN AND ALASKA NATIVE ALONE)
SRPDIO:2010480,SRPDIO:1000000,PATO:0000383,female,SRPDIO:1001079,65 years and over,SRPDIO:1001024,labor force status,SRPDIO:1001000,civilian status,SRPDIO:1001003,employment status,SRPDIO:1001131,American Indian and Alaskan native alone,C23002C_023E,Estimate!!Total!!Female!!65 years and over,SEX BY AGE BY EMPLOYMENT STATUS FOR THE POPULATION 16 YEARS AND OVER (AMERICAN INDIAN AND ALASKA NATIVE ALONE)
SRPDIO:2010481,SRPDIO:1000000,PATO:0000383,female,SRPDIO:1001079,65 years and over,SRPDIO:1001114,in labor force,SRPDIO:1001000,civilian status,SRPDIO:1001003,employment status,SRPDIO:1001131,American Indian and Alaskan native alone,C23002C_024E,Estimate!!Total!!Female!!65 years and over!!In labor force,SEX BY AGE BY EMPLOYMENT STATUS FOR THE POPULATION 16 YEARS AND OVER (AMERICAN INDIAN AND ALASKA NATIVE ALONE)
SRPDIO:2010482,SRPDIO:1000000,PATO:0000383,female,SRPDIO:1001079,65 years and over,SRPDIO:1001114,in labor force,SRPDIO:1001000,civilian status,SRPDIO:1001043,employed,SRPDIO:1001131,American Indian and Alaskan native alone,C23002C_025E,Estimate!!Total!!Female!!65 years and over!!In labor force!!Employed,SEX BY AGE BY EMPLOYMENT STATUS FOR THE POPULATION 16 YEARS AND OVER (AMERICAN INDIAN AND ALASKA NATIVE ALONE)
SRPDIO:2010483,SRPDIO:1000000,PATO:0000383,female,SRPDIO:1001079,65 years and over,SRPDIO:1001114,in labor force,SRPDIO:1001000,civilian status,SRPDIO:1001044,unemployed,SRPDIO:1001131,American Indian and Alaskan native alone,C23002C_026E,Estimate!!Total!!Female!!65 years and over!!In labor force!!Unemployed,SEX BY AGE BY EMPLOYMENT STATUS FOR THE POPULATION 16 YEARS AND OVER (AMERICAN INDIAN AND ALASKA NATIVE ALONE)
SRPDIO:2010484,SRPDIO:1000000,PATO:0000383,female,SRPDIO:1001079,65 years and over,SRPDIO:1001128,not in labor force,SRPDIO:1001000,civilian status,SRPDIO:1001187,not employed because not in labor force,SRPDIO:1001131,American Indian and Alaskan native alone,C23002C_027E,Estimate!!Total!!Female!!65 years and over!!Not in labor force,SEX BY AGE BY EMPLOYMENT STATUS FOR THE POPULATION 16 YEARS AND OVER (AMERICAN INDIAN AND ALASKA NATIVE ALONE)
SRPDIO:2010485,SRPDIO:1000000,PATO:0001894,phenotypic sex,SRPDIO:1001008,age category,SRPDIO:1001024,labor force status,SRPDIO:1001000,civilian status,SRPDIO:1001003,employment status,SRPDIO:1001132,Asian alone,C23002D_001E,Estimate!!Total,SEX BY AGE BY EMPLOYMENT STATUS FOR THE POPULATION 16 YEARS AND OVER (ASIAN ALONE)
SRPDIO:2010486,SRPDIO:1000000,PATO:0000384,male,SRPDIO:1001008,age category,SRPDIO:1001024,labor force status,SRPDIO:1001000,civilian status,SRPDIO:1001003,employment status,SRPDIO:1001132,Asian alone,C23002D_002E,Estimate!!Total!!Male,SEX BY AGE BY EMPLOYMENT STATUS FOR THE POPULATION 16 YEARS AND OVER (ASIAN ALONE)
SRPDIO:2010487,SRPDIO:1000000,PATO:0000384,male,SRPDIO:1001064,16 to 64 years,SRPDIO:1001024,labor force status,SRPDIO:1001000,civilian status,SRPDIO:1001003,employment status,SRPDIO:1001132,Asian alone,C23002D_003E,Estimate!!Total!!Male!!16 to 64 years,SEX BY AGE BY EMPLOYMENT STATUS FOR THE POPULATION 16 YEARS AND OVER (ASIAN ALONE)
SRPDIO:2010488,SRPDIO:1000000,PATO:0000384,male,SRPDIO:1001064,16 to 64 years,SRPDIO:1001114,in labor force,SRPDIO:1001000,civilian status,SRPDIO:1001003,employment status,SRPDIO:1001132,Asian alone,C23002D_004E,Estimate!!Total!!Male!!16 to 64 years!!In labor force,SEX BY AGE BY EMPLOYMENT STATUS FOR THE POPULATION 16 YEARS AND OVER (ASIAN ALONE)
SRPDIO:2010489,SRPDIO:1000000,PATO:0000384,male,SRPDIO:1001064,16 to 64 years,SRPDIO:1001114,in labor force,SRPDIO:1001030,in armed forces,SRPDIO:1001003,employment status,SRPDIO:1001132,Asian alone,C23002D_005E,Estimate!!Total!!Male!!16 to 64 years!!In labor force!!In Armed Forces,SEX BY AGE BY EMPLOYMENT STATUS FOR THE POPULATION 16 YEARS AND OVER (ASIAN ALONE)
SRPDIO:2010490,SRPDIO:1000000,PATO:0000384,male,SRPDIO:1001064,16 to 64 years,SRPDIO:1001114,in labor force,SRPDIO:1001031,civilian,SRPDIO:1001003,employment status,SRPDIO:1001132,Asian alone,C23002D_006E,Estimate!!Total!!Male!!16 to 64 years!!In labor force!!Civilian,SEX BY AGE BY EMPLOYMENT STATUS FOR THE POPULATION 16 YEARS AND OVER (ASIAN ALONE)
SRPDIO:2010491,SRPDIO:1000000,PATO:0000384,male,SRPDIO:1001064,16 to 64 years,SRPDIO:1001114,in labor force,SRPDIO:1001031,civilian,SRPDIO:1001043,employed,SRPDIO:1001132,Asian alone,C23002D_007E,Estimate!!Total!!Male!!16 to 64 years!!In labor force!!Civilian!!Employed,SEX BY AGE BY EMPLOYMENT STATUS FOR THE POPULATION 16 YEARS AND OVER (ASIAN ALONE)
SRPDIO:2010492,SRPDIO:1000000,PATO:0000384,male,SRPDIO:1001064,16 to 64 years,SRPDIO:1001114,in labor force,SRPDIO:1001031,civilian,SRPDIO:1001044,unemployed,SRPDIO:1001132,Asian alone,C23002D_008E,Estimate!!Total!!Male!!16 to 64 years!!In labor force!!Civilian!!Unemployed,SEX BY AGE BY EMPLOYMENT STATUS FOR THE POPULATION 16 YEARS AND OVER (ASIAN ALONE)
SRPDIO:2010493,SRPDIO:1000000,PATO:0000384,male,SRPDIO:1001064,16 to 64 years,SRPDIO:1001128,not in labor force,SRPDIO:1001000,civilian status,SRPDIO:1001187,not employed because not in labor force,SRPDIO:1001132,Asian alone,C23002D_009E,Estimate!!Total!!Male!!16 to 64 years!!Not in labor force,SEX BY AGE BY EMPLOYMENT STATUS FOR THE POPULATION 16 YEARS AND OVER (ASIAN ALONE)
SRPDIO:2010494,SRPDIO:1000000,PATO:0000384,male,SRPDIO:1001079,65 years and over,SRPDIO:1001024,labor force status,SRPDIO:1001000,civilian status,SRPDIO:1001003,employment status,SRPDIO:1001132,Asian alone,C23002D_010E,Estimate!!Total!!Male!!65 years and over,SEX BY AGE BY EMPLOYMENT STATUS FOR THE POPULATION 16 YEARS AND OVER (ASIAN ALONE)
SRPDIO:2010495,SRPDIO:1000000,PATO:0000384,male,SRPDIO:1001079,65 years and over,SRPDIO:1001114,in labor force,SRPDIO:1001000,civilian status,SRPDIO:1001003,employment status,SRPDIO:1001132,Asian alone,C23002D_011E,Estimate!!Total!!Male!!65 years and over!!In labor force,SEX BY AGE BY EMPLOYMENT STATUS FOR THE POPULATION 16 YEARS AND OVER (ASIAN ALONE)
SRPDIO:2010496,SRPDIO:1000000,PATO:0000384,male,SRPDIO:1001079,65 years and over,SRPDIO:1001114,in labor force,SRPDIO:1001000,civilian status,SRPDIO:1001043,employed,SRPDIO:1001132,Asian alone,C23002D_012E,Estimate!!Total!!Male!!65 years and over!!In labor force!!Employed,SEX BY AGE BY EMPLOYMENT STATUS FOR THE POPULATION 16 YEARS AND OVER (ASIAN ALONE)
SRPDIO:2010497,SRPDIO:1000000,PATO:0000384,male,SRPDIO:1001079,65 years and over,SRPDIO:1001114,in labor force,SRPDIO:1001000,civilian status,SRPDIO:1001044,unemployed,SRPDIO:1001132,Asian alone,C23002D_013E,Estimate!!Total!!Male!!65 years and over!!In labor force!!Unemployed,SEX BY AGE BY EMPLOYMENT STATUS FOR THE POPULATION 16 YEARS AND OVER (ASIAN ALONE)
SRPDIO:2010498,SRPDIO:1000000,PATO:0000384,male,SRPDIO:1001079,65 years and over,SRPDIO:1001128,not in labor force,SRPDIO:1001000,civilian status,SRPDIO:1001187,not employed because not in labor force,SRPDIO:1001132,Asian alone,C23002D_014E,Estimate!!Total!!Male!!65 years and over!!Not in labor force,SEX BY AGE BY EMPLOYMENT STATUS FOR THE POPULATION 16 YEARS AND OVER (ASIAN ALONE)
SRPDIO:2010499,SRPDIO:1000000,PATO:0000383,female,SRPDIO:1001008,age category,SRPDIO:1001024,labor force status,SRPDIO:1001000,civilian status,SRPDIO:1001003,employment status,SRPDIO:1001132,Asian alone,C23002D_015E,Estimate!!Total!!Female,SEX BY AGE BY EMPLOYMENT STATUS FOR THE POPULATION 16 YEARS AND OVER (ASIAN ALONE)
SRPDIO:2010500,SRPDIO:1000000,PATO:0000383,female,SRPDIO:1001064,16 to 64 years,SRPDIO:1001024,labor force status,SRPDIO:1001000,civilian status,SRPDIO:1001003,employment status,SRPDIO:1001132,Asian alone,C23002D_016E,Estimate!!Total!!Female!!16 to 64 years,SEX BY AGE BY EMPLOYMENT STATUS FOR THE POPULATION 16 YEARS AND OVER (ASIAN ALONE)
SRPDIO:2010501,SRPDIO:1000000,PATO:0000383,female,SRPDIO:1001064,16 to 64 years,SRPDIO:1001114,in labor force,SRPDIO:1001000,civilian status,SRPDIO:1001187,not employed because not in labor force,SRPDIO:1001132,Asian alone,C23002D_017E,Estimate!!Total!!Female!!16 to 64 years!!In labor force,SEX BY AGE BY EMPLOYMENT STATUS FOR THE POPULATION 16 YEARS AND OVER (ASIAN ALONE)
SRPDIO:2010502,SRPDIO:1000000,PATO:0000383,female,SRPDIO:1001064,16 to 64 years,SRPDIO:1001114,in labor force,SRPDIO:1001030,in armed forces,SRPDIO:1001003,employment status,SRPDIO:1001132,Asian alone,C23002D_018E,Estimate!!Total!!Female!!16 to 64 years!!In labor force!!In Armed Forces,SEX BY AGE BY EMPLOYMENT STATUS FOR THE POPULATION 16 YEARS AND OVER (ASIAN ALONE)
SRPDIO:2010503,SRPDIO:1000000,PATO:0000383,female,SRPDIO:1001064,16 to 64 years,SRPDIO:1001114,in labor force,SRPDIO:1001031,civilian,SRPDIO:1001003,employment status,SRPDIO:1001132,Asian alone,C23002D_019E,Estimate!!Total!!Female!!16 to 64 years!!In labor force!!Civilian,SEX BY AGE BY EMPLOYMENT STATUS FOR THE POPULATION 16 YEARS AND OVER (ASIAN ALONE)
SRPDIO:2010504,SRPDIO:1000000,PATO:0000383,female,SRPDIO:1001064,16 to 64 years,SRPDIO:1001114,in labor force,SRPDIO:1001031,civilian,SRPDIO:1001043,employed,SRPDIO:1001132,Asian alone,C23002D_020E,Estimate!!Total!!Female!!16 to 64 years!!In labor force!!Civilian!!Employed,SEX BY AGE BY EMPLOYMENT STATUS FOR THE POPULATION 16 YEARS AND OVER (ASIAN ALONE)
SRPDIO:2010505,SRPDIO:1000000,PATO:0000383,female,SRPDIO:1001064,16 to 64 years,SRPDIO:1001114,in labor force,SRPDIO:1001031,civilian,SRPDIO:1001044,unemployed,SRPDIO:1001132,Asian alone,C23002D_021E,Estimate!!Total!!Female!!16 to 64 years!!In labor force!!Civilian!!Unemployed,SEX BY AGE BY EMPLOYMENT STATUS FOR THE POPULATION 16 YEARS AND OVER (ASIAN ALONE)
SRPDIO:2010506,SRPDIO:1000000,PATO:0000383,female,SRPDIO:1001064,16 to 64 years,SRPDIO:1001128,not in labor force,SRPDIO:1001000,civilian status,SRPDIO:1001187,not employed because not in labor force,SRPDIO:1001132,Asian alone,C23002D_022E,Estimate!!Total!!Female!!16 to 64 years!!Not in labor force,SEX BY AGE BY EMPLOYMENT STATUS FOR THE POPULATION 16 YEARS AND OVER (ASIAN ALONE)
SRPDIO:2010507,SRPDIO:1000000,PATO:0000383,female,SRPDIO:1001079,65 years and over,SRPDIO:1001024,labor force status,SRPDIO:1001000,civilian status,SRPDIO:1001187,not employed because not in labor force,SRPDIO:1001132,Asian alone,C23002D_023E,Estimate!!Total!!Female!!65 years and over,SEX BY AGE BY EMPLOYMENT STATUS FOR THE POPULATION 16 YEARS AND OVER (ASIAN ALONE)
SRPDIO:2010508,SRPDIO:1000000,PATO:0000383,female,SRPDIO:1001079,65 years and over,SRPDIO:1001114,in labor force,SRPDIO:1001000,civilian status,SRPDIO:1001003,employment status,SRPDIO:1001132,Asian alone,C23002D_024E,Estimate!!Total!!Female!!65 years and over!!In labor force,SEX BY AGE BY EMPLOYMENT STATUS FOR THE POPULATION 16 YEARS AND OVER (ASIAN ALONE)
SRPDIO:2010509,SRPDIO:1000000,PATO:0000383,female,SRPDIO:1001079,65 years and over,SRPDIO:1001114,in labor force,SRPDIO:1001000,civilian status,SRPDIO:1001043,employed,SRPDIO:1001132,Asian alone,C23002D_025E,Estimate!!Total!!Female!!65 years and over!!In labor force!!Employed,SEX BY AGE BY EMPLOYMENT STATUS FOR THE POPULATION 16 YEARS AND OVER (ASIAN ALONE)
SRPDIO:2010510,SRPDIO:1000000,PATO:0000383,female,SRPDIO:1001079,65 years and over,SRPDIO:1001114,in labor force,SRPDIO:1001000,civilian status,SRPDIO:1001044,unemployed,SRPDIO:1001132,Asian alone,C23002D_026E,Estimate!!Total!!Female!!65 years and over!!In labor force!!Unemployed,SEX BY AGE BY EMPLOYMENT STATUS FOR THE POPULATION 16 YEARS AND OVER (ASIAN ALONE)
SRPDIO:2010511,SRPDIO:1000000,PATO:0000383,female,SRPDIO:1001079,65 years and over,SRPDIO:1001128,not in labor force,SRPDIO:1001000,civilian status,SRPDIO:1001187,not employed because not in labor force,SRPDIO:1001132,Asian alone,C23002D_027E,Estimate!!Total!!Female!!65 years and over!!Not in labor force,SEX BY AGE BY EMPLOYMENT STATUS FOR THE POPULATION 16 YEARS AND OVER (ASIAN ALONE)
SRPDIO:2010512,SRPDIO:1000000,PATO:0001894,phenotypic sex,SRPDIO:1001008,age category,SRPDIO:1001024,labor force status,SRPDIO:1001000,civilian status,SRPDIO:1001187,not employed because not in labor force,SRPDIO:1001135,native Hawaiian and other Pacific Islander alone,C23002E_001E,Estimate!!Total,SEX BY AGE BY EMPLOYMENT STATUS FOR THE POPULATION 16 YEARS AND OVER (NATIVE HAWAIIAN AND OTHER PACIFIC ISLANDER ALONE)
SRPDIO:2010513,SRPDIO:1000000,PATO:0000384,male,SRPDIO:1001008,age category,SRPDIO:1001024,labor force status,SRPDIO:1001000,civilian status,SRPDIO:1001003,employment status,SRPDIO:1001135,native Hawaiian and other Pacific Islander alone,C23002E_002E,Estimate!!Total!!Male,SEX BY AGE BY EMPLOYMENT STATUS FOR THE POPULATION 16 YEARS AND OVER (NATIVE HAWAIIAN AND OTHER PACIFIC ISLANDER ALONE)
SRPDIO:2010514,SRPDIO:1000000,PATO:0000384,male,SRPDIO:1001064,16 to 64 years,SRPDIO:1001024,labor force status,SRPDIO:1001000,civilian status,SRPDIO:1001187,not employed because not in labor force,SRPDIO:1001135,native Hawaiian and other Pacific Islander alone,C23002E_003E,Estimate!!Total!!Male!!16 to 64 years,SEX BY AGE BY EMPLOYMENT STATUS FOR THE POPULATION 16 YEARS AND OVER (NATIVE HAWAIIAN AND OTHER PACIFIC ISLANDER ALONE)
SRPDIO:2010515,SRPDIO:1000000,PATO:0000384,male,SRPDIO:1001064,16 to 64 years,SRPDIO:1001114,in labor force,SRPDIO:1001000,civilian status,SRPDIO:1001003,employment status,SRPDIO:1001135,native Hawaiian and other Pacific Islander alone,C23002E_004E,Estimate!!Total!!Male!!16 to 64 years!!In labor force,SEX BY AGE BY EMPLOYMENT STATUS FOR THE POPULATION 16 YEARS AND OVER (NATIVE HAWAIIAN AND OTHER PACIFIC ISLANDER ALONE)
SRPDIO:2010516,SRPDIO:1000000,PATO:0000384,male,SRPDIO:1001064,16 to 64 years,SRPDIO:1001114,in labor force,SRPDIO:1001030,in armed forces,SRPDIO:1001187,not employed because not in labor force,SRPDIO:1001135,native Hawaiian and other Pacific Islander alone,C23002E_005E,Estimate!!Total!!Male!!16 to 64 years!!In labor force!!In Armed Forces,SEX BY AGE BY EMPLOYMENT STATUS FOR THE POPULATION 16 YEARS AND OVER (NATIVE HAWAIIAN AND OTHER PACIFIC ISLANDER ALONE)
SRPDIO:2010517,SRPDIO:1000000,PATO:0000384,male,SRPDIO:1001064,16 to 64 years,SRPDIO:1001114,in labor force,SRPDIO:1001031,civilian,SRPDIO:1001003,employment status,SRPDIO:1001135,native Hawaiian and other Pacific Islander alone,C23002E_006E,Estimate!!Total!!Male!!16 to 64 years!!In labor force!!Civilian,SEX BY AGE BY EMPLOYMENT STATUS FOR THE POPULATION 16 YEARS AND OVER (NATIVE HAWAIIAN AND OTHER PACIFIC ISLANDER ALONE)
SRPDIO:2010518,SRPDIO:1000000,PATO:0000384,male,SRPDIO:1001064,16 to 64 years,SRPDIO:1001114,in labor force,SRPDIO:1001031,civilian,SRPDIO:1001043,employed,SRPDIO:1001135,native Hawaiian and other Pacific Islander alone,C23002E_007E,Estimate!!Total!!Male!!16 to 64 years!!In labor force!!Civilian!!Employed,SEX BY AGE BY EMPLOYMENT STATUS FOR THE POPULATION 16 YEARS AND OVER (NATIVE HAWAIIAN AND OTHER PACIFIC ISLANDER ALONE)
SRPDIO:2010519,SRPDIO:1000000,PATO:0000384,male,SRPDIO:1001064,16 to 64 years,SRPDIO:1001114,in labor force,SRPDIO:1001031,civilian,SRPDIO:1001044,unemployed,SRPDIO:1001135,native Hawaiian and other Pacific Islander alone,C23002E_008E,Estimate!!Total!!Male!!16 to 64 years!!In labor force!!Civilian!!Unemployed,SEX BY AGE BY EMPLOYMENT STATUS FOR THE POPULATION 16 YEARS AND OVER (NATIVE HAWAIIAN AND OTHER PACIFIC ISLANDER ALONE)
SRPDIO:2010520,SRPDIO:1000000,PATO:0000384,male,SRPDIO:1001064,16 to 64 years,SRPDIO:1001128,not in labor force,SRPDIO:1001000,civilian status,SRPDIO:1001187,not employed because not in labor force,SRPDIO:1001135,native Hawaiian and other Pacific Islander alone,C23002E_009E,Estimate!!Total!!Male!!16 to 64 years!!Not in labor force,SEX BY AGE BY EMPLOYMENT STATUS FOR THE POPULATION 16 YEARS AND OVER (NATIVE HAWAIIAN AND OTHER PACIFIC ISLANDER ALONE)
SRPDIO:2010521,SRPDIO:1000000,PATO:0000384,male,SRPDIO:1001079,65 years and over,SRPDIO:1001024,labor force status,SRPDIO:1001000,civilian status,SRPDIO:1001187,not employed because not in labor force,SRPDIO:1001135,native Hawaiian and other Pacific Islander alone,C23002E_010E,Estimate!!Total!!Male!!65 years and over,SEX BY AGE BY EMPLOYMENT STATUS FOR THE POPULATION 16 YEARS AND OVER (NATIVE HAWAIIAN AND OTHER PACIFIC ISLANDER ALONE)
SRPDIO:2010522,SRPDIO:1000000,PATO:0000384,male,SRPDIO:1001079,65 years and over,SRPDIO:1001114,in labor force,SRPDIO:1001000,civilian status,SRPDIO:1001003,employment status,SRPDIO:1001135,native Hawaiian and other Pacific Islander alone,C23002E_011E,Estimate!!Total!!Male!!65 years and over!!In labor force,SEX BY AGE BY EMPLOYMENT STATUS FOR THE POPULATION 16 YEARS AND OVER (NATIVE HAWAIIAN AND OTHER PACIFIC ISLANDER ALONE)
SRPDIO:2010523,SRPDIO:1000000,PATO:0000384,male,SRPDIO:1001079,65 years and over,SRPDIO:1001114,in labor force,SRPDIO:1001000,civilian status,SRPDIO:1001043,employed,SRPDIO:1001135,native Hawaiian and other Pacific Islander alone,C23002E_012E,Estimate!!Total!!Male!!65 years and over!!In labor force!!Employed,SEX BY AGE BY EMPLOYMENT STATUS FOR THE POPULATION 16 YEARS AND OVER (NATIVE HAWAIIAN AND OTHER PACIFIC ISLANDER ALONE)
SRPDIO:2010524,SRPDIO:1000000,PATO:0000384,male,SRPDIO:1001079,65 years and over,SRPDIO:1001114,in labor force,SRPDIO:1001000,civilian status,SRPDIO:1001044,unemployed,SRPDIO:1001135,native Hawaiian and other Pacific Islander alone,C23002E_013E,Estimate!!Total!!Male!!65 years and over!!In labor force!!Unemployed,SEX BY AGE BY EMPLOYMENT STATUS FOR THE POPULATION 16 YEARS AND OVER (NATIVE HAWAIIAN AND OTHER PACIFIC ISLANDER ALONE)
SRPDIO:2010525,SRPDIO:1000000,PATO:0000384,male,SRPDIO:1001079,65 years and over,SRPDIO:1001128,not in labor force,SRPDIO:1001000,civilian status,SRPDIO:1001187,not employed because not in labor force,SRPDIO:1001135,native Hawaiian and other Pacific Islander alone,C23002E_014E,Estimate!!Total!!Male!!65 years and over!!Not in labor force,SEX BY AGE BY EMPLOYMENT STATUS FOR THE POPULATION 16 YEARS AND OVER (NATIVE HAWAIIAN AND OTHER PACIFIC ISLANDER ALONE)
SRPDIO:2010526,SRPDIO:1000000,PATO:0000383,female,SRPDIO:1001008,age category,SRPDIO:1001024,labor force status,SRPDIO:1001000,civilian status,SRPDIO:1001187,not employed because not in labor force,SRPDIO:1001135,native Hawaiian and other Pacific Islander alone,C23002E_015E,Estimate!!Total!!Female,SEX BY AGE BY EMPLOYMENT STATUS FOR THE POPULATION 16 YEARS AND OVER (NATIVE HAWAIIAN AND OTHER PACIFIC ISLANDER ALONE)
SRPDIO:2010527,SRPDIO:1000000,PATO:0000383,female,SRPDIO:1001064,16 to 64 years,SRPDIO:1001024,labor force status,SRPDIO:1001000,civilian status,SRPDIO:1001003,employment status,SRPDIO:1001135,native Hawaiian and other Pacific Islander alone,C23002E_016E,Estimate!!Total!!Female!!16 to 64 years,SEX BY AGE BY EMPLOYMENT STATUS FOR THE POPULATION 16 YEARS AND OVER (NATIVE HAWAIIAN AND OTHER PACIFIC ISLANDER ALONE)
SRPDIO:2010528,SRPDIO:1000000,PATO:0000383,female,SRPDIO:1001064,16 to 64 years,SRPDIO:1001114,in labor force,SRPDIO:1001000,civilian status,SRPDIO:1001187,not employed because not in labor force,SRPDIO:1001135,native Hawaiian and other Pacific Islander alone,C23002E_017E,Estimate!!Total!!Female!!16 to 64 years!!In labor force,SEX BY AGE BY EMPLOYMENT STATUS FOR THE POPULATION 16 YEARS AND OVER (NATIVE HAWAIIAN AND OTHER PACIFIC ISLANDER ALONE)
SRPDIO:2010529,SRPDIO:1000000,PATO:0000383,female,SRPDIO:1001064,16 to 64 years,SRPDIO:1001114,in labor force,SRPDIO:1001030,in armed forces,SRPDIO:1001187,not employed because not in labor force,SRPDIO:1001135,native Hawaiian and other Pacific Islander alone,C23002E_018E,Estimate!!Total!!Female!!16 to 64 years!!In labor force!!In Armed Forces,SEX BY AGE BY EMPLOYMENT STATUS FOR THE POPULATION 16 YEARS AND OVER (NATIVE HAWAIIAN AND OTHER PACIFIC ISLANDER ALONE)
SRPDIO:2010530,SRPDIO:1000000,PATO:0000383,female,SRPDIO:1001064,16 to 64 years,SRPDIO:1001114,in labor force,SRPDIO:1001031,civilian,SRPDIO:1001003,employment status,SRPDIO:1001135,native Hawaiian and other Pacific Islander alone,C23002E_019E,Estimate!!Total!!Female!!16 to 64 years!!In labor force!!Civilian,SEX BY AGE BY EMPLOYMENT STATUS FOR THE POPULATION 16 YEARS AND OVER (NATIVE HAWAIIAN AND OTHER PACIFIC ISLANDER ALONE)
SRPDIO:2010531,SRPDIO:1000000,PATO:0000383,female,SRPDIO:1001064,16 to 64 years,SRPDIO:1001114,in labor force,SRPDIO:1001031,civilian,SRPDIO:1001043,employed,SRPDIO:1001135,native Hawaiian and other Pacific Islander alone,C23002E_020E,Estimate!!Total!!Female!!16 to 64 years!!In labor force!!Civilian!!Employed,SEX BY AGE BY EMPLOYMENT STATUS FOR THE POPULATION 16 YEARS AND OVER (NATIVE HAWAIIAN AND OTHER PACIFIC ISLANDER ALONE)
SRPDIO:2010532,SRPDIO:1000000,PATO:0000383,female,SRPDIO:1001064,16 to 64 years,SRPDIO:1001114,in labor force,SRPDIO:1001031,civilian,SRPDIO:1001044,unemployed,SRPDIO:1001135,native Hawaiian and other Pacific Islander alone,C23002E_021E,Estimate!!Total!!Female!!16 to 64 years!!In labor force!!Civilian!!Unemployed,SEX BY AGE BY EMPLOYMENT STATUS FOR THE POPULATION 16 YEARS AND OVER (NATIVE HAWAIIAN AND OTHER PACIFIC ISLANDER ALONE)
SRPDIO:2010533,SRPDIO:1000000,PATO:0000383,female,SRPDIO:1001064,16 to 64 years,SRPDIO:1001128,not in labor force,SRPDIO:1001000,civilian status,SRPDIO:1001187,not employed because not in labor force,SRPDIO:1001135,native Hawaiian and other Pacific Islander alone,C23002E_022E,Estimate!!Total!!Female!!16 to 64 years!!Not in labor force,SEX BY AGE BY EMPLOYMENT STATUS FOR THE POPULATION 16 YEARS AND OVER (NATIVE HAWAIIAN AND OTHER PACIFIC ISLANDER ALONE)
SRPDIO:2010534,SRPDIO:1000000,PATO:0000383,female,SRPDIO:1001079,65 years and over,SRPDIO:1001024,labor force status,SRPDIO:1001000,civilian status,SRPDIO:1001187,not employed because not in labor force,SRPDIO:1001135,native Hawaiian and other Pacific Islander alone,C23002E_023E,Estimate!!Total!!Female!!65 years and over,SEX BY AGE BY EMPLOYMENT STATUS FOR THE POPULATION 16 YEARS AND OVER (NATIVE HAWAIIAN AND OTHER PACIFIC ISLANDER ALONE)
SRPDIO:2010535,SRPDIO:1000000,PATO:0000383,female,SRPDIO:1001079,65 years and over,SRPDIO:1001114,in labor force,SRPDIO:1001000,civilian status,SRPDIO:1001003,employment status,SRPDIO:1001135,native Hawaiian and other Pacific Islander alone,C23002E_024E,Estimate!!Total!!Female!!65 years and over!!In labor force,SEX BY AGE BY EMPLOYMENT STATUS FOR THE POPULATION 16 YEARS AND OVER (NATIVE HAWAIIAN AND OTHER PACIFIC ISLANDER ALONE)
SRPDIO:2010536,SRPDIO:1000000,PATO:0000383,female,SRPDIO:1001079,65 years and over,SRPDIO:1001114,in labor force,SRPDIO:1001000,civilian status,SRPDIO:1001043,employed,SRPDIO:1001135,native Hawaiian and other Pacific Islander alone,C23002E_025E,Estimate!!Total!!Female!!65 years and over!!In labor force!!Employed,SEX BY AGE BY EMPLOYMENT STATUS FOR THE POPULATION 16 YEARS AND OVER (NATIVE HAWAIIAN AND OTHER PACIFIC ISLANDER ALONE)
SRPDIO:2010537,SRPDIO:1000000,PATO:0000383,female,SRPDIO:1001079,65 years and over,SRPDIO:1001114,in labor force,SRPDIO:1001000,civilian status,SRPDIO:1001044,unemployed,SRPDIO:1001135,native Hawaiian and other Pacific Islander alone,C23002E_026E,Estimate!!Total!!Female!!65 years and over!!In labor force!!Unemployed,SEX BY AGE BY EMPLOYMENT STATUS FOR THE POPULATION 16 YEARS AND OVER (NATIVE HAWAIIAN AND OTHER PACIFIC ISLANDER ALONE)
SRPDIO:2010538,SRPDIO:1000000,PATO:0000383,female,SRPDIO:1001079,65 years and over,SRPDIO:1001128,not in labor force,SRPDIO:1001000,civilian status,SRPDIO:1001187,not employed because not in labor force,SRPDIO:1001135,native Hawaiian and other Pacific Islander alone,C23002E_027E,Estimate!!Total!!Female!!65 years and over!!Not in labor force,SEX BY AGE BY EMPLOYMENT STATUS FOR THE POPULATION 16 YEARS AND OVER (NATIVE HAWAIIAN AND OTHER PACIFIC ISLANDER ALONE)
SRPDIO:2010539,SRPDIO:1000000,PATO:0001894,phenotypic sex,age category,,SRPDIO:1001024,labor force status,SRPDIO:1001000,civilian status,SRPDIO:1001187,not employed because not in labor force,SRPDIO:1001136,some other race alone,C23002F_001E,Estimate!!Total,SEX BY AGE BY EMPLOYMENT STATUS FOR THE POPULATION 16 YEARS AND OVER (SOME OTHER RACE ALONE)
SRPDIO:2010540,SRPDIO:1000000,PATO:0000384,male,age category,,SRPDIO:1001024,labor force status,SRPDIO:1001000,civilian status,SRPDIO:1001003,employment status,SRPDIO:1001136,some other race alone,C23002F_002E,Estimate!!Total!!Male,SEX BY AGE BY EMPLOYMENT STATUS FOR THE POPULATION 16 YEARS AND OVER (SOME OTHER RACE ALONE)
SRPDIO:2010541,SRPDIO:1000000,PATO:0000384,male,SRPDIO:1001064,16 to 64 years,SRPDIO:1001024,labor force status,SRPDIO:1001000,civilian status,SRPDIO:1001187,not employed because not in labor force,SRPDIO:1001136,some other race alone,C23002F_003E,Estimate!!Total!!Male!!16 to 64 years,SEX BY AGE BY EMPLOYMENT STATUS FOR THE POPULATION 16 YEARS AND OVER (SOME OTHER RACE ALONE)
SRPDIO:2010542,SRPDIO:1000000,PATO:0000384,male,SRPDIO:1001064,16 to 64 years,SRPDIO:1001114,in labor force,SRPDIO:1001000,civilian status,SRPDIO:1001003,employment status,SRPDIO:1001136,some other race alone,C23002F_004E,Estimate!!Total!!Male!!16 to 64 years!!In labor force,SEX BY AGE BY EMPLOYMENT STATUS FOR THE POPULATION 16 YEARS AND OVER (SOME OTHER RACE ALONE)
SRPDIO:2010543,SRPDIO:1000000,PATO:0000384,male,SRPDIO:1001064,16 to 64 years,SRPDIO:1001114,in labor force,SRPDIO:1001030,in armed forces,SRPDIO:1001187,not employed because not in labor force,SRPDIO:1001136,some other race alone,C23002F_005E,Estimate!!Total!!Male!!16 to 64 years!!In labor force!!In Armed Forces,SEX BY AGE BY EMPLOYMENT STATUS FOR THE POPULATION 16 YEARS AND OVER (SOME OTHER RACE ALONE)
SRPDIO:2010544,SRPDIO:1000000,PATO:0000384,male,SRPDIO:1001064,16 to 64 years,SRPDIO:1001114,in labor force,SRPDIO:1001031,civilian,SRPDIO:1001003,employment status,SRPDIO:1001136,some other race alone,C23002F_006E,Estimate!!Total!!Male!!16 to 64 years!!In labor force!!Civilian,SEX BY AGE BY EMPLOYMENT STATUS FOR THE POPULATION 16 YEARS AND OVER (SOME OTHER RACE ALONE)
SRPDIO:2010545,SRPDIO:1000000,PATO:0000384,male,SRPDIO:1001064,16 to 64 years,SRPDIO:1001114,in labor force,SRPDIO:1001031,civilian,SRPDIO:1001043,employed,SRPDIO:1001136,some other race alone,C23002F_007E,Estimate!!Total!!Male!!16 to 64 years!!In labor force!!Civilian!!Employed,SEX BY AGE BY EMPLOYMENT STATUS FOR THE POPULATION 16 YEARS AND OVER (SOME OTHER RACE ALONE)
SRPDIO:2010546,SRPDIO:1000000,PATO:0000384,male,SRPDIO:1001064,16 to 64 years,SRPDIO:1001114,in labor force,SRPDIO:1001031,civilian,SRPDIO:1001044,unemployed,SRPDIO:1001136,some other race alone,C23002F_008E,Estimate!!Total!!Male!!16 to 64 years!!In labor force!!Civilian!!Unemployed,SEX BY AGE BY EMPLOYMENT STATUS FOR THE POPULATION 16 YEARS AND OVER (SOME OTHER RACE ALONE)
SRPDIO:2010547,SRPDIO:1000000,PATO:0000384,male,SRPDIO:1001064,16 to 64 years,SRPDIO:1001128,not in labor force,SRPDIO:1001000,civilian status,SRPDIO:1001187,not employed because not in labor force,SRPDIO:1001136,some other race alone,C23002F_009E,Estimate!!Total!!Male!!16 to 64 years!!Not in labor force,SEX BY AGE BY EMPLOYMENT STATUS FOR THE POPULATION 16 YEARS AND OVER (SOME OTHER RACE ALONE)
SRPDIO:2010548,SRPDIO:1000000,PATO:0000384,male,SRPDIO:1001079,65 years and over,SRPDIO:1001024,labor force status,SRPDIO:1001000,civilian status,SRPDIO:1001187,not employed because not in labor force,SRPDIO:1001136,some other race alone,C23002F_010E,Estimate!!Total!!Male!!65 years and over,SEX BY AGE BY EMPLOYMENT STATUS FOR THE POPULATION 16 YEARS AND OVER (SOME OTHER RACE ALONE)
SRPDIO:2010549,SRPDIO:1000000,PATO:0000384,male,SRPDIO:1001079,65 years and over,SRPDIO:1001114,in labor force,SRPDIO:1001000,civilian status,SRPDIO:1001003,employment status,SRPDIO:1001136,some other race alone,C23002F_011E,Estimate!!Total!!Male!!65 years and over!!In labor force,SEX BY AGE BY EMPLOYMENT STATUS FOR THE POPULATION 16 YEARS AND OVER (SOME OTHER RACE ALONE)
SRPDIO:2010550,SRPDIO:1000000,PATO:0000384,male,SRPDIO:1001079,65 years and over,SRPDIO:1001114,in labor force,SRPDIO:1001000,civilian status,SRPDIO:1001043,employed,SRPDIO:1001136,some other race alone,C23002F_012E,Estimate!!Total!!Male!!65 years and over!!In labor force!!Employed,SEX BY AGE BY EMPLOYMENT STATUS FOR THE POPULATION 16 YEARS AND OVER (SOME OTHER RACE ALONE)
SRPDIO:2010551,SRPDIO:1000000,PATO:0000384,male,SRPDIO:1001079,65 years and over,SRPDIO:1001114,in labor force,SRPDIO:1001000,civilian status,SRPDIO:1001044,unemployed,SRPDIO:1001136,some other race alone,C23002F_013E,Estimate!!Total!!Male!!65 years and over!!In labor force!!Unemployed,SEX BY AGE BY EMPLOYMENT STATUS FOR THE POPULATION 16 YEARS AND OVER (SOME OTHER RACE ALONE)
SRPDIO:2010552,SRPDIO:1000000,PATO:0000384,male,SRPDIO:1001079,65 years and over,SRPDIO:1001128,not in labor force,SRPDIO:1001000,civilian status,SRPDIO:1001187,not employed because not in labor force,SRPDIO:1001136,some other race alone,C23002F_014E,Estimate!!Total!!Male!!65 years and over!!Not in labor force,SEX BY AGE BY EMPLOYMENT STATUS FOR THE POPULATION 16 YEARS AND OVER (SOME OTHER RACE ALONE)
SRPDIO:2010553,SRPDIO:1000000,PATO:0000383,female,age category,,SRPDIO:1001024,labor force status,SRPDIO:1001000,civilian status,SRPDIO:1001187,not employed because not in labor force,SRPDIO:1001136,some other race alone,C23002F_015E,Estimate!!Total!!Female,SEX BY AGE BY EMPLOYMENT STATUS FOR THE POPULATION 16 YEARS AND OVER (SOME OTHER RACE ALONE)
SRPDIO:2010554,SRPDIO:1000000,PATO:0000383,female,SRPDIO:1001064,16 to 64 years,SRPDIO:1001024,labor force status,SRPDIO:1001000,civilian status,SRPDIO:1001003,employment status,SRPDIO:1001136,some other race alone,C23002F_016E,Estimate!!Total!!Female!!16 to 64 years,SEX BY AGE BY EMPLOYMENT STATUS FOR THE POPULATION 16 YEARS AND OVER (SOME OTHER RACE ALONE)
SRPDIO:2010555,SRPDIO:1000000,PATO:0000383,female,SRPDIO:1001064,16 to 64 years,SRPDIO:1001114,in labor force,SRPDIO:1001000,civilian status,SRPDIO:1001187,not employed because not in labor force,SRPDIO:1001136,some other race alone,C23002F_017E,Estimate!!Total!!Female!!16 to 64 years!!In labor force,SEX BY AGE BY EMPLOYMENT STATUS FOR THE POPULATION 16 YEARS AND OVER (SOME OTHER RACE ALONE)
SRPDIO:2010556,SRPDIO:1000000,PATO:0000383,female,SRPDIO:1001064,16 to 64 years,SRPDIO:1001114,in labor force,SRPDIO:1001030,in armed forces,SRPDIO:1001187,not employed because not in labor force,SRPDIO:1001136,some other race alone,C23002F_018E,Estimate!!Total!!Female!!16 to 64 years!!In labor force!!In Armed Forces,SEX BY AGE BY EMPLOYMENT STATUS FOR THE POPULATION 16 YEARS AND OVER (SOME OTHER RACE ALONE)
SRPDIO:2010557,SRPDIO:1000000,PATO:0000383,female,SRPDIO:1001064,16 to 64 years,SRPDIO:1001114,in labor force,SRPDIO:1001031,civilian,SRPDIO:1001003,employment status,SRPDIO:1001136,some other race alone,C23002F_019E,Estimate!!Total!!Female!!16 to 64 years!!In labor force!!Civilian,SEX BY AGE BY EMPLOYMENT STATUS FOR THE POPULATION 16 YEARS AND OVER (SOME OTHER RACE ALONE)
SRPDIO:2010558,SRPDIO:1000000,PATO:0000383,female,SRPDIO:1001064,16 to 64 years,SRPDIO:1001114,in labor force,SRPDIO:1001031,civilian,SRPDIO:1001043,employed,SRPDIO:1001136,some other race alone,C23002F_020E,Estimate!!Total!!Female!!16 to 64 years!!In labor force!!Civilian!!Employed,SEX BY AGE BY EMPLOYMENT STATUS FOR THE POPULATION 16 YEARS AND OVER (SOME OTHER RACE ALONE)
SRPDIO:2010559,SRPDIO:1000000,PATO:0000383,female,SRPDIO:1001064,16 to 64 years,SRPDIO:1001114,in labor force,SRPDIO:1001031,civilian,SRPDIO:1001044,unemployed,SRPDIO:1001136,some other race alone,C23002F_021E,Estimate!!Total!!Female!!16 to 64 years!!In labor force!!Civilian!!Unemployed,SEX BY AGE BY EMPLOYMENT STATUS FOR THE POPULATION 16 YEARS AND OVER (SOME OTHER RACE ALONE)
SRPDIO:2010560,SRPDIO:1000000,PATO:0000383,female,SRPDIO:1001064,16 to 64 years,SRPDIO:1001128,not in labor force,SRPDIO:1001000,civilian status,SRPDIO:1001187,not employed because not in labor force,SRPDIO:1001136,some other race alone,C23002F_022E,Estimate!!Total!!Female!!16 to 64 years!!Not in labor force,SEX BY AGE BY EMPLOYMENT STATUS FOR THE POPULATION 16 YEARS AND OVER (SOME OTHER RACE ALONE)
SRPDIO:2010561,SRPDIO:1000000,PATO:0000383,female,SRPDIO:1001079,65 years and over,SRPDIO:1001024,labor force status,SRPDIO:1001000,civilian status,SRPDIO:1001187,not employed because not in labor force,SRPDIO:1001136,some other race alone,C23002F_023E,Estimate!!Total!!Female!!65 years and over,SEX BY AGE BY EMPLOYMENT STATUS FOR THE POPULATION 16 YEARS AND OVER (SOME OTHER RACE ALONE)
SRPDIO:2010562,SRPDIO:1000000,PATO:0000383,female,SRPDIO:1001079,65 years and over,SRPDIO:1001114,in labor force,SRPDIO:1001000,civilian status,SRPDIO:1001003,employment status,SRPDIO:1001136,some other race alone,C23002F_024E,Estimate!!Total!!Female!!65 years and over!!In labor force,SEX BY AGE BY EMPLOYMENT STATUS FOR THE POPULATION 16 YEARS AND OVER (SOME OTHER RACE ALONE)
SRPDIO:2010563,SRPDIO:1000000,PATO:0000383,female,SRPDIO:1001079,65 years and over,SRPDIO:1001114,in labor force,SRPDIO:1001000,civilian status,SRPDIO:1001043,employed,SRPDIO:1001136,some other race alone,C23002F_025E,Estimate!!Total!!Female!!65 years and over!!In labor force!!Employed,SEX BY AGE BY EMPLOYMENT STATUS FOR THE POPULATION 16 YEARS AND OVER (SOME OTHER RACE ALONE)
SRPDIO:2010564,SRPDIO:1000000,PATO:0000383,female,SRPDIO:1001079,65 years and over,SRPDIO:1001114,in labor force,SRPDIO:1001000,civilian status,SRPDIO:1001044,unemployed,SRPDIO:1001136,some other race alone,C23002F_026E,Estimate!!Total!!Female!!65 years and over!!In labor force!!Unemployed,SEX BY AGE BY EMPLOYMENT STATUS FOR THE POPULATION 16 YEARS AND OVER (SOME OTHER RACE ALONE)
SRPDIO:2010565,SRPDIO:1000000,PATO:0000383,female,SRPDIO:1001079,65 years and over,SRPDIO:1001128,not in labor force,SRPDIO:1001000,civilian status,SRPDIO:1001187,not employed because not in labor force,SRPDIO:1001136,some other race alone,C23002F_027E,Estimate!!Total!!Female!!65 years and over!!Not in labor force,SEX BY AGE BY EMPLOYMENT STATUS FOR THE POPULATION 16 YEARS AND OVER (SOME OTHER RACE ALONE)
SRPDIO:2010566,SRPDIO:1000000,PATO:0001894,phenotypic sex,age category,,SRPDIO:1001024,labor force status,SRPDIO:1001000,civilian status,SRPDIO:1001187,not employed because not in labor force,SRPDIO:1001019,two or more races,C23002G_001E,Estimate!!Total,SEX BY AGE BY EMPLOYMENT STATUS FOR THE POPULATION 16 YEARS AND OVER (TWO OR MORE RACES)
SRPDIO:2010567,SRPDIO:1000000,PATO:0000384,male,age category,,SRPDIO:1001024,labor force status,SRPDIO:1001000,civilian status,SRPDIO:1001003,employment status,SRPDIO:1001019,two or more races,C23002G_002E,Estimate!!Total!!Male,SEX BY AGE BY EMPLOYMENT STATUS FOR THE POPULATION 16 YEARS AND OVER (TWO OR MORE RACES)
SRPDIO:2010568,SRPDIO:1000000,PATO:0000384,male,SRPDIO:1001064,16 to 64 years,SRPDIO:1001024,labor force status,SRPDIO:1001000,civilian status,SRPDIO:1001187,not employed because not in labor force,SRPDIO:1001019,two or more races,C23002G_003E,Estimate!!Total!!Male!!16 to 64 years,SEX BY AGE BY EMPLOYMENT STATUS FOR THE POPULATION 16 YEARS AND OVER (TWO OR MORE RACES)
SRPDIO:2010569,SRPDIO:1000000,PATO:0000384,male,SRPDIO:1001064,16 to 64 years,SRPDIO:1001114,in labor force,SRPDIO:1001000,civilian status,SRPDIO:1001003,employment status,SRPDIO:1001019,two or more races,C23002G_004E,Estimate!!Total!!Male!!16 to 64 years!!In labor force,SEX BY AGE BY EMPLOYMENT STATUS FOR THE POPULATION 16 YEARS AND OVER (TWO OR MORE RACES)
SRPDIO:2010570,SRPDIO:1000000,PATO:0000384,male,SRPDIO:1001064,16 to 64 years,SRPDIO:1001114,in labor force,SRPDIO:1001030,in armed forces,SRPDIO:1001187,not employed because not in labor force,SRPDIO:1001019,two or more races,C23002G_005E,Estimate!!Total!!Male!!16 to 64 years!!In labor force!!In Armed Forces,SEX BY AGE BY EMPLOYMENT STATUS FOR THE POPULATION 16 YEARS AND OVER (TWO OR MORE RACES)
SRPDIO:2010571,SRPDIO:1000000,PATO:0000384,male,SRPDIO:1001064,16 to 64 years,SRPDIO:1001114,in labor force,SRPDIO:1001031,civilian,SRPDIO:1001003,employment status,SRPDIO:1001019,two or more races,C23002G_006E,Estimate!!Total!!Male!!16 to 64 years!!In labor force!!Civilian,SEX BY AGE BY EMPLOYMENT STATUS FOR THE POPULATION 16 YEARS AND OVER (TWO OR MORE RACES)
SRPDIO:2010572,SRPDIO:1000000,PATO:0000384,male,SRPDIO:1001064,16 to 64 years,SRPDIO:1001114,in labor force,SRPDIO:1001031,civilian,SRPDIO:1001043,employed,SRPDIO:1001019,two or more races,C23002G_007E,Estimate!!Total!!Male!!16 to 64 years!!In labor force!!Civilian!!Employed,SEX BY AGE BY EMPLOYMENT STATUS FOR THE POPULATION 16 YEARS AND OVER (TWO OR MORE RACES)
SRPDIO:2010573,SRPDIO:1000000,PATO:0000384,male,SRPDIO:1001064,16 to 64 years,SRPDIO:1001114,in labor force,SRPDIO:1001031,civilian,SRPDIO:1001044,unemployed,SRPDIO:1001019,two or more races,C23002G_008E,Estimate!!Total!!Male!!16 to 64 years!!In labor force!!Civilian!!Unemployed,SEX BY AGE BY EMPLOYMENT STATUS FOR THE POPULATION 16 YEARS AND OVER (TWO OR MORE RACES)
SRPDIO:2010574,SRPDIO:1000000,PATO:0000384,male,SRPDIO:1001064,16 to 64 years,SRPDIO:1001128,not in labor force,SRPDIO:1001000,civilian status,SRPDIO:1001187,not employed because not in labor force,SRPDIO:1001019,two or more races,C23002G_009E,Estimate!!Total!!Male!!16 to 64 years!!Not in labor force,SEX BY AGE BY EMPLOYMENT STATUS FOR THE POPULATION 16 YEARS AND OVER (TWO OR MORE RACES)
SRPDIO:2010575,SRPDIO:1000000,PATO:0000384,male,SRPDIO:1001079,65 years and over,SRPDIO:1001024,labor force status,SRPDIO:1001000,civilian status,SRPDIO:1001187,not employed because not in labor force,SRPDIO:1001019,two or more races,C23002G_010E,Estimate!!Total!!Male!!65 years and over,SEX BY AGE BY EMPLOYMENT STATUS FOR THE POPULATION 16 YEARS AND OVER (TWO OR MORE RACES)
SRPDIO:2010576,SRPDIO:1000000,PATO:0000384,male,SRPDIO:1001079,65 years and over,SRPDIO:1001114,in labor force,SRPDIO:1001000,civilian status,SRPDIO:1001003,employment status,SRPDIO:1001019,two or more races,C23002G_011E,Estimate!!Total!!Male!!65 years and over!!In labor force,SEX BY AGE BY EMPLOYMENT STATUS FOR THE POPULATION 16 YEARS AND OVER (TWO OR MORE RACES)
SRPDIO:2010577,SRPDIO:1000000,PATO:0000384,male,SRPDIO:1001079,65 years and over,SRPDIO:1001114,in labor force,SRPDIO:1001000,civilian status,SRPDIO:1001043,employed,SRPDIO:1001019,two or more races,C23002G_012E,Estimate!!Total!!Male!!65 years and over!!In labor force!!Employed,SEX BY AGE BY EMPLOYMENT STATUS FOR THE POPULATION 16 YEARS AND OVER (TWO OR MORE RACES)
SRPDIO:2010578,SRPDIO:1000000,PATO:0000384,male,SRPDIO:1001079,65 years and over,SRPDIO:1001114,in labor force,SRPDIO:1001000,civilian status,SRPDIO:1001044,unemployed,SRPDIO:1001019,two or more races,C23002G_013E,Estimate!!Total!!Male!!65 years and over!!In labor force!!Unemployed,SEX BY AGE BY EMPLOYMENT STATUS FOR THE POPULATION 16 YEARS AND OVER (TWO OR MORE RACES)
SRPDIO:2010579,SRPDIO:1000000,PATO:0000384,male,SRPDIO:1001079,65 years and over,SRPDIO:1001128,not in labor force,SRPDIO:1001000,civilian status,SRPDIO:1001187,not employed because not in labor force,SRPDIO:1001019,two or more races,C23002G_014E,Estimate!!Total!!Male!!65 years and over!!Not in labor force,SEX BY AGE BY EMPLOYMENT STATUS FOR THE POPULATION 16 YEARS AND OVER (TWO OR MORE RACES)
SRPDIO:2010580,SRPDIO:1000000,PATO:0000383,female,age category,,SRPDIO:1001024,labor force status,SRPDIO:1001000,civilian status,SRPDIO:1001187,not employed because not in labor force,SRPDIO:1001019,two or more races,C23002G_015E,Estimate!!Total!!Female,SEX BY AGE BY EMPLOYMENT STATUS FOR THE POPULATION 16 YEARS AND OVER (TWO OR MORE RACES)
SRPDIO:2010581,SRPDIO:1000000,PATO:0000383,female,SRPDIO:1001064,16 to 64 years,SRPDIO:1001024,labor force status,SRPDIO:1001000,civilian status,SRPDIO:1001003,employment status,SRPDIO:1001019,two or more races,C23002G_016E,Estimate!!Total!!Female!!16 to 64 years,SEX BY AGE BY EMPLOYMENT STATUS FOR THE POPULATION 16 YEARS AND OVER (TWO OR MORE RACES)
SRPDIO:2010582,SRPDIO:1000000,PATO:0000383,female,SRPDIO:1001064,16 to 64 years,SRPDIO:1001114,in labor force,SRPDIO:1001000,civilian status,SRPDIO:1001187,not employed because not in labor force,SRPDIO:1001019,two or more races,C23002G_017E,Estimate!!Total!!Female!!16 to 64 years!!In labor force,SEX BY AGE BY EMPLOYMENT STATUS FOR THE POPULATION 16 YEARS AND OVER (TWO OR MORE RACES)
SRPDIO:2010583,SRPDIO:1000000,PATO:0000383,female,SRPDIO:1001064,16 to 64 years,SRPDIO:1001114,in labor force,SRPDIO:1001030,in armed forces,SRPDIO:1001187,not employed because not in labor force,SRPDIO:1001019,two or more races,C23002G_018E,Estimate!!Total!!Female!!16 to 64 years!!In labor force!!In Armed Forces,SEX BY AGE BY EMPLOYMENT STATUS FOR THE POPULATION 16 YEARS AND OVER (TWO OR MORE RACES)
SRPDIO:2010584,SRPDIO:1000000,PATO:0000383,female,SRPDIO:1001064,16 to 64 years,SRPDIO:1001114,in labor force,SRPDIO:1001031,civilian,SRPDIO:1001003,employment status,SRPDIO:1001019,two or more races,C23002G_019E,Estimate!!Total!!Female!!16 to 64 years!!In labor force!!Civilian,SEX BY AGE BY EMPLOYMENT STATUS FOR THE POPULATION 16 YEARS AND OVER (TWO OR MORE RACES)
SRPDIO:2010585,SRPDIO:1000000,PATO:0000383,female,SRPDIO:1001064,16 to 64 years,SRPDIO:1001114,in labor force,SRPDIO:1001031,civilian,SRPDIO:1001043,employed,SRPDIO:1001019,two or more races,C23002G_020E,Estimate!!Total!!Female!!16 to 64 years!!In labor force!!Civilian!!Employed,SEX BY AGE BY EMPLOYMENT STATUS FOR THE POPULATION 16 YEARS AND OVER (TWO OR MORE RACES)
SRPDIO:2010586,SRPDIO:1000000,PATO:0000383,female,SRPDIO:1001064,16 to 64 years,SRPDIO:1001114,in labor force,SRPDIO:1001031,civilian,SRPDIO:1001044,unemployed,SRPDIO:1001019,two or more races,C23002G_021E,Estimate!!Total!!Female!!16 to 64 years!!In labor force!!Civilian!!Unemployed,SEX BY AGE BY EMPLOYMENT STATUS FOR THE POPULATION 16 YEARS AND OVER (TWO OR MORE RACES)
SRPDIO:2010587,SRPDIO:1000000,PATO:0000383,female,SRPDIO:1001064,16 to 64 years,SRPDIO:1001128,not in labor force,SRPDIO:1001000,civilian status,SRPDIO:1001187,not employed because not in labor force,SRPDIO:1001019,two or more races,C23002G_022E,Estimate!!Total!!Female!!16 to 64 years!!Not in labor force,SEX BY AGE BY EMPLOYMENT STATUS FOR THE POPULATION 16 YEARS AND OVER (TWO OR MORE RACES)
SRPDIO:2010588,SRPDIO:1000000,PATO:0000383,female,SRPDIO:1001079,65 years and over,SRPDIO:1001024,labor force status,SRPDIO:1001000,civilian status,SRPDIO:1001187,not employed because not in labor force,SRPDIO:1001019,two or more races,C23002G_023E,Estimate!!Total!!Female!!65 years and over,SEX BY AGE BY EMPLOYMENT STATUS FOR THE POPULATION 16 YEARS AND OVER (TWO OR MORE RACES)
SRPDIO:2010589,SRPDIO:1000000,PATO:0000383,female,SRPDIO:1001079,65 years and over,SRPDIO:1001114,in labor force,SRPDIO:1001000,civilian status,SRPDIO:1001003,employment status,SRPDIO:1001019,two or more races,C23002G_024E,Estimate!!Total!!Female!!65 years and over!!In labor force,SEX BY AGE BY EMPLOYMENT STATUS FOR THE POPULATION 16 YEARS AND OVER (TWO OR MORE RACES)
SRPDIO:2010590,SRPDIO:1000000,PATO:0000383,female,SRPDIO:1001079,65 years and over,SRPDIO:1001114,in labor force,SRPDIO:1001000,civilian status,SRPDIO:1001043,employed,SRPDIO:1001019,two or more races,C23002G_025E,Estimate!!Total!!Female!!65 years and over!!In labor force!!Employed,SEX BY AGE BY EMPLOYMENT STATUS FOR THE POPULATION 16 YEARS AND OVER (TWO OR MORE RACES)
SRPDIO:2010591,SRPDIO:1000000,PATO:0000383,female,SRPDIO:1001079,65 years and over,SRPDIO:1001114,in labor force,SRPDIO:1001000,civilian status,SRPDIO:1001044,unemployed,SRPDIO:1001019,two or more races,C23002G_026E,Estimate!!Total!!Female!!65 years and over!!In labor force!!Unemployed,SEX BY AGE BY EMPLOYMENT STATUS FOR THE POPULATION 16 YEARS AND OVER (TWO OR MORE RACES)
SRPDIO:2010592,SRPDIO:1000000,PATO:0000383,female,SRPDIO:1001079,65 years and over,SRPDIO:1001128,not in labor force,SRPDIO:1001000,civilian status,SRPDIO:1001187,not employed because not in labor force,SRPDIO:1001019,two or more races,C23002G_027E,Estimate!!Total!!Female!!65 years and over!!Not in labor force,SEX BY AGE BY EMPLOYMENT STATUS FOR THE POPULATION 16 YEARS AND OVER (TWO OR MORE RACES)
SRPDIO:2010593,SRPDIO:1000000,PATO:0001894,phenotypic sex,age category,,SRPDIO:1001024,labor force status,SRPDIO:1001000,civilian status,SRPDIO:1001187,not employed because not in labor force,SRPDIO:1001138,"white alone, not hispanic or latino",C23002H_001E,Estimate!!Total,"SEX BY AGE BY EMPLOYMENT STATUS FOR THE POPULATION 16 YEARS AND OVER (WHITE ALONE, NOT HISPANIC OR LATINO)"
SRPDIO:2010594,SRPDIO:1000000,PATO:0000384,male,age category,,SRPDIO:1001024,labor force status,SRPDIO:1001000,civilian status,SRPDIO:1001003,employment status,SRPDIO:1001138,"white alone, not hispanic or latino",C23002H_002E,Estimate!!Total!!Male,"SEX BY AGE BY EMPLOYMENT STATUS FOR THE POPULATION 16 YEARS AND OVER (WHITE ALONE, NOT HISPANIC OR LATINO)"
SRPDIO:2010595,SRPDIO:1000000,PATO:0000384,male,SRPDIO:1001064,16 to 64 years,SRPDIO:1001024,labor force status,SRPDIO:1001000,civilian status,SRPDIO:1001187,not employed because not in labor force,SRPDIO:1001138,"white alone, not hispanic or latino",C23002H_003E,Estimate!!Total!!Male!!16 to 64 years,"SEX BY AGE BY EMPLOYMENT STATUS FOR THE POPULATION 16 YEARS AND OVER (WHITE ALONE, NOT HISPANIC OR LATINO)"
SRPDIO:2010596,SRPDIO:1000000,PATO:0000384,male,SRPDIO:1001064,16 to 64 years,SRPDIO:1001114,in labor force,SRPDIO:1001000,civilian status,SRPDIO:1001003,employment status,SRPDIO:1001138,"white alone, not hispanic or latino",C23002H_004E,Estimate!!Total!!Male!!16 to 64 years!!In labor force,"SEX BY AGE BY EMPLOYMENT STATUS FOR THE POPULATION 16 YEARS AND OVER (WHITE ALONE, NOT HISPANIC OR LATINO)"
SRPDIO:2010597,SRPDIO:1000000,PATO:0000384,male,SRPDIO:1001064,16 to 64 years,SRPDIO:1001114,in labor force,SRPDIO:1001030,in armed forces,SRPDIO:1001187,not employed because not in labor force,SRPDIO:1001138,"white alone, not hispanic or latino",C23002H_005E,Estimate!!Total!!Male!!16 to 64 years!!In labor force!!In Armed Forces,"SEX BY AGE BY EMPLOYMENT STATUS FOR THE POPULATION 16 YEARS AND OVER (WHITE ALONE, NOT HISPANIC OR LATINO)"
SRPDIO:2010598,SRPDIO:1000000,PATO:0000384,male,SRPDIO:1001064,16 to 64 years,SRPDIO:1001114,in labor force,SRPDIO:1001031,civilian,SRPDIO:1001003,employment status,SRPDIO:1001138,"white alone, not hispanic or latino",C23002H_006E,Estimate!!Total!!Male!!16 to 64 years!!In labor force!!Civilian,"SEX BY AGE BY EMPLOYMENT STATUS FOR THE POPULATION 16 YEARS AND OVER (WHITE ALONE, NOT HISPANIC OR LATINO)"
SRPDIO:2010599,SRPDIO:1000000,PATO:0000384,male,SRPDIO:1001064,16 to 64 years,SRPDIO:1001114,in labor force,SRPDIO:1001031,civilian,SRPDIO:1001043,employed,SRPDIO:1001138,"white alone, not hispanic or latino",C23002H_007E,Estimate!!Total!!Male!!16 to 64 years!!In labor force!!Civilian!!Employed,"SEX BY AGE BY EMPLOYMENT STATUS FOR THE POPULATION 16 YEARS AND OVER (WHITE ALONE, NOT HISPANIC OR LATINO)"
SRPDIO:2010600,SRPDIO:1000000,PATO:0000384,male,SRPDIO:1001064,16 to 64 years,SRPDIO:1001114,in labor force,SRPDIO:1001031,civilian,SRPDIO:1001044,unemployed,SRPDIO:1001138,"white alone, not hispanic or latino",C23002H_008E,Estimate!!Total!!Male!!16 to 64 years!!In labor force!!Civilian!!Unemployed,"SEX BY AGE BY EMPLOYMENT STATUS FOR THE POPULATION 16 YEARS AND OVER (WHITE ALONE, NOT HISPANIC OR LATINO)"
SRPDIO:2010601,SRPDIO:1000000,PATO:0000384,male,SRPDIO:1001064,16 to 64 years,SRPDIO:1001128,not in labor force,SRPDIO:1001000,civilian status,SRPDIO:1001187,not employed because not in labor force,SRPDIO:1001138,"white alone, not hispanic or latino",C23002H_009E,Estimate!!Total!!Male!!16 to 64 years!!Not in labor force,"SEX BY AGE BY EMPLOYMENT STATUS FOR THE POPULATION 16 YEARS AND OVER (WHITE ALONE, NOT HISPANIC OR LATINO)"
SRPDIO:2010602,SRPDIO:1000000,PATO:0000384,male,SRPDIO:1001079,65 years and over,SRPDIO:1001024,labor force status,SRPDIO:1001000,civilian status,SRPDIO:1001187,not employed because not in labor force,SRPDIO:1001138,"white alone, not hispanic or latino",C23002H_010E,Estimate!!Total!!Male!!65 years and over,"SEX BY AGE BY EMPLOYMENT STATUS FOR THE POPULATION 16 YEARS AND OVER (WHITE ALONE, NOT HISPANIC OR LATINO)"
SRPDIO:2010603,SRPDIO:1000000,PATO:0000384,male,SRPDIO:1001079,65 years and over,SRPDIO:1001114,in labor force,SRPDIO:1001000,civilian status,SRPDIO:1001003,employment status,SRPDIO:1001138,"white alone, not hispanic or latino",C23002H_011E,Estimate!!Total!!Male!!65 years and over!!In labor force,"SEX BY AGE BY EMPLOYMENT STATUS FOR THE POPULATION 16 YEARS AND OVER (WHITE ALONE, NOT HISPANIC OR LATINO)"
SRPDIO:2010604,SRPDIO:1000000,PATO:0000384,male,SRPDIO:1001079,65 years and over,SRPDIO:1001114,in labor force,SRPDIO:1001000,civilian status,SRPDIO:1001043,employed,SRPDIO:1001138,"white alone, not hispanic or latino",C23002H_012E,Estimate!!Total!!Male!!65 years and over!!In labor force!!Employed,"SEX BY AGE BY EMPLOYMENT STATUS FOR THE POPULATION 16 YEARS AND OVER (WHITE ALONE, NOT HISPANIC OR LATINO)"
SRPDIO:2010605,SRPDIO:1000000,PATO:0000384,male,SRPDIO:1001079,65 years and over,SRPDIO:1001114,in labor force,SRPDIO:1001000,civilian status,SRPDIO:1001044,unemployed,SRPDIO:1001138,"white alone, not hispanic or latino",C23002H_013E,Estimate!!Total!!Male!!65 years and over!!In labor force!!Unemployed,"SEX BY AGE BY EMPLOYMENT STATUS FOR THE POPULATION 16 YEARS AND OVER (WHITE ALONE, NOT HISPANIC OR LATINO)"
SRPDIO:2010606,SRPDIO:1000000,PATO:0000384,male,SRPDIO:1001079,65 years and over,SRPDIO:1001128,not in labor force,SRPDIO:1001000,civilian status,SRPDIO:1001187,not employed because not in labor force,SRPDIO:1001138,"white alone, not hispanic or latino",C23002H_014E,Estimate!!Total!!Male!!65 years and over!!Not in labor force,"SEX BY AGE BY EMPLOYMENT STATUS FOR THE POPULATION 16 YEARS AND OVER (WHITE ALONE, NOT HISPANIC OR LATINO)"
SRPDIO:2010607,SRPDIO:1000000,PATO:0000383,female,age category,,SRPDIO:1001024,labor force status,SRPDIO:1001000,civilian status,SRPDIO:1001187,not employed because not in labor force,SRPDIO:1001138,"white alone, not hispanic or latino",C23002H_015E,Estimate!!Total!!Female,"SEX BY AGE BY EMPLOYMENT STATUS FOR THE POPULATION 16 YEARS AND OVER (WHITE ALONE, NOT HISPANIC OR LATINO)"
SRPDIO:2010608,SRPDIO:1000000,PATO:0000383,female,SRPDIO:1001064,16 to 64 years,SRPDIO:1001024,labor force status,SRPDIO:1001000,civilian status,SRPDIO:1001003,employment status,SRPDIO:1001138,"white alone, not hispanic or latino",C23002H_016E,Estimate!!Total!!Female!!16 to 64 years,"SEX BY AGE BY EMPLOYMENT STATUS FOR THE POPULATION 16 YEARS AND OVER (WHITE ALONE, NOT HISPANIC OR LATINO)"
SRPDIO:2010609,SRPDIO:1000000,PATO:0000383,female,SRPDIO:1001064,16 to 64 years,SRPDIO:1001114,in labor force,SRPDIO:1001000,civilian status,SRPDIO:1001187,not employed because not in labor force,SRPDIO:1001138,"white alone, not hispanic or latino",C23002H_017E,Estimate!!Total!!Female!!16 to 64 years!!In labor force,"SEX BY AGE BY EMPLOYMENT STATUS FOR THE POPULATION 16 YEARS AND OVER (WHITE ALONE, NOT HISPANIC OR LATINO)"
SRPDIO:2010610,SRPDIO:1000000,PATO:0000383,female,SRPDIO:1001064,16 to 64 years,SRPDIO:1001114,in labor force,SRPDIO:1001030,in armed forces,SRPDIO:1001187,not employed because not in labor force,SRPDIO:1001138,"white alone, not hispanic or latino",C23002H_018E,Estimate!!Total!!Female!!16 to 64 years!!In labor force!!In Armed Forces,"SEX BY AGE BY EMPLOYMENT STATUS FOR THE POPULATION 16 YEARS AND OVER (WHITE ALONE, NOT HISPANIC OR LATINO)"
SRPDIO:2010611,SRPDIO:1000000,PATO:0000383,female,SRPDIO:1001064,16 to 64 years,SRPDIO:1001114,in labor force,SRPDIO:1001031,civilian,SRPDIO:1001003,employment status,SRPDIO:1001138,"white alone, not hispanic or latino",C23002H_019E,Estimate!!Total!!Female!!16 to 64 years!!In labor force!!Civilian,"SEX BY AGE BY EMPLOYMENT STATUS FOR THE POPULATION 16 YEARS AND OVER (WHITE ALONE, NOT HISPANIC OR LATINO)"
SRPDIO:2010612,SRPDIO:1000000,PATO:0000383,female,SRPDIO:1001064,16 to 64 years,SRPDIO:1001114,in labor force,SRPDIO:1001031,civilian,SRPDIO:1001043,employed,SRPDIO:1001138,"white alone, not hispanic or latino",C23002H_020E,Estimate!!Total!!Female!!16 to 64 years!!In labor force!!Civilian!!Employed,"SEX BY AGE BY EMPLOYMENT STATUS FOR THE POPULATION 16 YEARS AND OVER (WHITE ALONE, NOT HISPANIC OR LATINO)"
SRPDIO:2010613,SRPDIO:1000000,PATO:0000383,female,SRPDIO:1001064,16 to 64 years,SRPDIO:1001114,in labor force,SRPDIO:1001031,civilian,SRPDIO:1001044,unemployed,SRPDIO:1001138,"white alone, not hispanic or latino",C23002H_021E,Estimate!!Total!!Female!!16 to 64 years!!In labor force!!Civilian!!Unemployed,"SEX BY AGE BY EMPLOYMENT STATUS FOR THE POPULATION 16 YEARS AND OVER (WHITE ALONE, NOT HISPANIC OR LATINO)"
SRPDIO:2010614,SRPDIO:1000000,PATO:0000383,female,SRPDIO:1001064,16 to 64 years,SRPDIO:1001128,not in labor force,SRPDIO:1001000,civilian status,SRPDIO:1001187,not employed because not in labor force,SRPDIO:1001138,"white alone, not hispanic or latino",C23002H_022E,Estimate!!Total!!Female!!16 to 64 years!!Not in labor force,"SEX BY AGE BY EMPLOYMENT STATUS FOR THE POPULATION 16 YEARS AND OVER (WHITE ALONE, NOT HISPANIC OR LATINO)"
SRPDIO:2010615,SRPDIO:1000000,PATO:0000383,female,SRPDIO:1001079,65 years and over,SRPDIO:1001024,labor force status,SRPDIO:1001000,civilian status,SRPDIO:1001187,not employed because not in labor force,SRPDIO:1001138,"white alone, not hispanic or latino",C23002H_023E,Estimate!!Total!!Female!!65 years and over,"SEX BY AGE BY EMPLOYMENT STATUS FOR THE POPULATION 16 YEARS AND OVER (WHITE ALONE, NOT HISPANIC OR LATINO)"
SRPDIO:2010616,SRPDIO:1000000,PATO:0000383,female,SRPDIO:1001079,65 years and over,SRPDIO:1001114,in labor force,SRPDIO:1001000,civilian status,SRPDIO:1001003,employment status,SRPDIO:1001138,"white alone, not hispanic or latino",C23002H_024E,Estimate!!Total!!Female!!65 years and over!!In labor force,"SEX BY AGE BY EMPLOYMENT STATUS FOR THE POPULATION 16 YEARS AND OVER (WHITE ALONE, NOT HISPANIC OR LATINO)"
SRPDIO:2010617,SRPDIO:1000000,PATO:0000383,female,SRPDIO:1001079,65 years and over,SRPDIO:1001114,in labor force,SRPDIO:1001000,civilian status,SRPDIO:1001043,employed,SRPDIO:1001138,"white alone, not hispanic or latino",C23002H_025E,Estimate!!Total!!Female!!65 years and over!!In labor force!!Employed,"SEX BY AGE BY EMPLOYMENT STATUS FOR THE POPULATION 16 YEARS AND OVER (WHITE ALONE, NOT HISPANIC OR LATINO)"
SRPDIO:2010618,SRPDIO:1000000,PATO:0000383,female,SRPDIO:1001079,65 years and over,SRPDIO:1001114,in labor force,SRPDIO:1001000,civilian status,SRPDIO:1001044,unemployed,SRPDIO:1001138,"white alone, not hispanic or latino",C23002H_026E,Estimate!!Total!!Female!!65 years and over!!In labor force!!Unemployed,"SEX BY AGE BY EMPLOYMENT STATUS FOR THE POPULATION 16 YEARS AND OVER (WHITE ALONE, NOT HISPANIC OR LATINO)"
SRPDIO:2010619,SRPDIO:1000000,PATO:0000383,female,SRPDIO:1001079,65 years and over,SRPDIO:1001128,not in labor force,SRPDIO:1001000,civilian status,SRPDIO:1001187,not employed because not in labor force,SRPDIO:1001138,"white alone, not hispanic or latino",C23002H_027E,Estimate!!Total!!Female!!65 years and over!!Not in labor force,"SEX BY AGE BY EMPLOYMENT STATUS FOR THE POPULATION 16 YEARS AND OVER (WHITE ALONE, NOT HISPANIC OR LATINO)"
SRPDIO:2010620,SRPDIO:1000000,PATO:0001894,phenotypic sex,age category,,SRPDIO:1001024,labor force status,SRPDIO:1001000,civilian status,SRPDIO:1001187,not employed because not in labor force,SRPDIO:1001138,"white alone, not hispanic or latino",C23002I_001E,Estimate!!Total,SEX BY AGE BY EMPLOYMENT STATUS FOR THE POPULATION 16 YEARS AND OVER (HISPANIC OR LATINO)
SRPDIO:2010621,SRPDIO:1000000,PATO:0000384,male,age category,,SRPDIO:1001024,labor force status,SRPDIO:1001000,civilian status,SRPDIO:1001003,employment status,SRPDIO:1001134,hispanic or latino,C23002I_002E,Estimate!!Total!!Male,SEX BY AGE BY EMPLOYMENT STATUS FOR THE POPULATION 16 YEARS AND OVER (HISPANIC OR LATINO)
SRPDIO:2010622,SRPDIO:1000000,PATO:0000384,male,SRPDIO:1001064,16 to 64 years,SRPDIO:1001024,labor force status,SRPDIO:1001000,civilian status,SRPDIO:1001187,not employed because not in labor force,SRPDIO:1001134,hispanic or latino,C23002I_003E,Estimate!!Total!!Male!!16 to 64 years,SEX BY AGE BY EMPLOYMENT STATUS FOR THE POPULATION 16 YEARS AND OVER (HISPANIC OR LATINO)
SRPDIO:2010623,SRPDIO:1000000,PATO:0000384,male,SRPDIO:1001064,16 to 64 years,SRPDIO:1001114,in labor force,SRPDIO:1001000,civilian status,SRPDIO:1001003,employment status,SRPDIO:1001134,hispanic or latino,C23002I_004E,Estimate!!Total!!Male!!16 to 64 years!!In labor force,SEX BY AGE BY EMPLOYMENT STATUS FOR THE POPULATION 16 YEARS AND OVER (HISPANIC OR LATINO)
SRPDIO:2010624,SRPDIO:1000000,PATO:0000384,male,SRPDIO:1001064,16 to 64 years,SRPDIO:1001114,in labor force,SRPDIO:1001030,in armed forces,SRPDIO:1001187,not employed because not in labor force,SRPDIO:1001134,hispanic or latino,C23002I_005E,Estimate!!Total!!Male!!16 to 64 years!!In labor force!!In Armed Forces,SEX BY AGE BY EMPLOYMENT STATUS FOR THE POPULATION 16 YEARS AND OVER (HISPANIC OR LATINO)
SRPDIO:2010625,SRPDIO:1000000,PATO:0000384,male,SRPDIO:1001064,16 to 64 years,SRPDIO:1001114,in labor force,SRPDIO:1001031,civilian,SRPDIO:1001003,employment status,SRPDIO:1001134,hispanic or latino,C23002I_006E,Estimate!!Total!!Male!!16 to 64 years!!In labor force!!Civilian,SEX BY AGE BY EMPLOYMENT STATUS FOR THE POPULATION 16 YEARS AND OVER (HISPANIC OR LATINO)
SRPDIO:2010626,SRPDIO:1000000,PATO:0000384,male,SRPDIO:1001064,16 to 64 years,SRPDIO:1001114,in labor force,SRPDIO:1001031,civilian,SRPDIO:1001043,employed,SRPDIO:1001134,hispanic or latino,C23002I_007E,Estimate!!Total!!Male!!16 to 64 years!!In labor force!!Civilian!!Employed,SEX BY AGE BY EMPLOYMENT STATUS FOR THE POPULATION 16 YEARS AND OVER (HISPANIC OR LATINO)
SRPDIO:2010627,SRPDIO:1000000,PATO:0000384,male,SRPDIO:1001064,16 to 64 years,SRPDIO:1001114,in labor force,SRPDIO:1001031,civilian,SRPDIO:1001044,unemployed,SRPDIO:1001134,hispanic or latino,C23002I_008E,Estimate!!Total!!Male!!16 to 64 years!!In labor force!!Civilian!!Unemployed,SEX BY AGE BY EMPLOYMENT STATUS FOR THE POPULATION 16 YEARS AND OVER (HISPANIC OR LATINO)
SRPDIO:2010628,SRPDIO:1000000,PATO:0000384,male,SRPDIO:1001064,16 to 64 years,SRPDIO:1001128,not in labor force,SRPDIO:1001000,civilian status,SRPDIO:1001187,not employed because not in labor force,SRPDIO:1001134,hispanic or latino,C23002I_009E,Estimate!!Total!!Male!!16 to 64 years!!Not in labor force,SEX BY AGE BY EMPLOYMENT STATUS FOR THE POPULATION 16 YEARS AND OVER (HISPANIC OR LATINO)
SRPDIO:2010629,SRPDIO:1000000,PATO:0000384,male,SRPDIO:1001079,65 years and over,SRPDIO:1001024,labor force status,SRPDIO:1001000,civilian status,SRPDIO:1001187,not employed because not in labor force,SRPDIO:1001134,hispanic or latino,C23002I_010E,Estimate!!Total!!Male!!65 years and over,SEX BY AGE BY EMPLOYMENT STATUS FOR THE POPULATION 16 YEARS AND OVER (HISPANIC OR LATINO)
SRPDIO:2010630,SRPDIO:1000000,PATO:0000384,male,SRPDIO:1001079,65 years and over,SRPDIO:1001114,in labor force,SRPDIO:1001000,civilian status,SRPDIO:1001003,employment status,SRPDIO:1001134,hispanic or latino,C23002I_011E,Estimate!!Total!!Male!!65 years and over!!In labor force,SEX BY AGE BY EMPLOYMENT STATUS FOR THE POPULATION 16 YEARS AND OVER (HISPANIC OR LATINO)
SRPDIO:2010631,SRPDIO:1000000,PATO:0000384,male,SRPDIO:1001079,65 years and over,SRPDIO:1001114,in labor force,SRPDIO:1001000,civilian status,SRPDIO:1001043,employed,SRPDIO:1001134,hispanic or latino,C23002I_012E,Estimate!!Total!!Male!!65 years and over!!In labor force!!Employed,SEX BY AGE BY EMPLOYMENT STATUS FOR THE POPULATION 16 YEARS AND OVER (HISPANIC OR LATINO)
SRPDIO:2010632,SRPDIO:1000000,PATO:0000384,male,SRPDIO:1001079,65 years and over,SRPDIO:1001114,in labor force,SRPDIO:1001000,civilian status,SRPDIO:1001044,unemployed,SRPDIO:1001134,hispanic or latino,C23002I_013E,Estimate!!Total!!Male!!65 years and over!!In labor force!!Unemployed,SEX BY AGE BY EMPLOYMENT STATUS FOR THE POPULATION 16 YEARS AND OVER (HISPANIC OR LATINO)
SRPDIO:2010633,SRPDIO:1000000,PATO:0000384,male,SRPDIO:1001079,65 years and over,SRPDIO:1001128,not in labor force,SRPDIO:1001000,civilian status,SRPDIO:1001187,not employed because not in labor force,SRPDIO:1001134,hispanic or latino,C23002I_014E,Estimate!!Total!!Male!!65 years and over!!Not in labor force,SEX BY AGE BY EMPLOYMENT STATUS FOR THE POPULATION 16 YEARS AND OVER (HISPANIC OR LATINO)
SRPDIO:2010634,SRPDIO:1000000,PATO:0000383,female,age category,,SRPDIO:1001024,labor force status,SRPDIO:1001000,civilian status,SRPDIO:1001187,not employed because not in labor force,SRPDIO:1001134,hispanic or latino,C23002I_015E,Estimate!!Total!!Female,SEX BY AGE BY EMPLOYMENT STATUS FOR THE POPULATION 16 YEARS AND OVER (HISPANIC OR LATINO)
SRPDIO:2010635,SRPDIO:1000000,PATO:0000383,female,SRPDIO:1001064,16 to 64 years,SRPDIO:1001024,labor force status,SRPDIO:1001000,civilian status,SRPDIO:1001003,employment status,SRPDIO:1001134,hispanic or latino,C23002I_016E,Estimate!!Total!!Female!!16 to 64 years,SEX BY AGE BY EMPLOYMENT STATUS FOR THE POPULATION 16 YEARS AND OVER (HISPANIC OR LATINO)
SRPDIO:2010636,SRPDIO:1000000,PATO:0000383,female,SRPDIO:1001064,16 to 64 years,SRPDIO:1001114,in labor force,SRPDIO:1001000,civilian status,SRPDIO:1001187,not employed because not in labor force,SRPDIO:1001134,hispanic or latino,C23002I_017E,Estimate!!Total!!Female!!16 to 64 years!!In labor force,SEX BY AGE BY EMPLOYMENT STATUS FOR THE POPULATION 16 YEARS AND OVER (HISPANIC OR LATINO)
SRPDIO:2010637,SRPDIO:1000000,PATO:0000383,female,SRPDIO:1001064,16 to 64 years,SRPDIO:1001114,in labor force,SRPDIO:1001030,in armed forces,SRPDIO:1001187,not employed because not in labor force,SRPDIO:1001134,hispanic or latino,C23002I_018E,Estimate!!Total!!Female!!16 to 64 years!!In labor force!!In Armed Forces,SEX BY AGE BY EMPLOYMENT STATUS FOR THE POPULATION 16 YEARS AND OVER (HISPANIC OR LATINO)
SRPDIO:2010638,SRPDIO:1000000,PATO:0000383,female,SRPDIO:1001064,16 to 64 years,SRPDIO:1001114,in labor force,SRPDIO:1001031,civilian,SRPDIO:1001003,employment status,SRPDIO:1001134,hispanic or latino,C23002I_019E,Estimate!!Total!!Female!!16 to 64 years!!In labor force!!Civilian,SEX BY AGE BY EMPLOYMENT STATUS FOR THE POPULATION 16 YEARS AND OVER (HISPANIC OR LATINO)
SRPDIO:2010639,SRPDIO:1000000,PATO:0000383,female,SRPDIO:1001064,16 to 64 years,SRPDIO:1001114,in labor force,SRPDIO:1001031,civilian,SRPDIO:1001043,employed,SRPDIO:1001134,hispanic or latino,C23002I_020E,Estimate!!Total!!Female!!16 to 64 years!!In labor force!!Civilian!!Employed,SEX BY AGE BY EMPLOYMENT STATUS FOR THE POPULATION 16 YEARS AND OVER (HISPANIC OR LATINO)
SRPDIO:2010640,SRPDIO:1000000,PATO:0000383,female,SRPDIO:1001064,16 to 64 years,SRPDIO:1001114,in labor force,SRPDIO:1001031,civilian,SRPDIO:1001044,unemployed,SRPDIO:1001134,hispanic or latino,C23002I_021E,Estimate!!Total!!Female!!16 to 64 years!!In labor force!!Civilian!!Unemployed,SEX BY AGE BY EMPLOYMENT STATUS FOR THE POPULATION 16 YEARS AND OVER (HISPANIC OR LATINO)
SRPDIO:2010641,SRPDIO:1000000,PATO:0000383,female,SRPDIO:1001064,16 to 64 years,SRPDIO:1001128,not in labor force,SRPDIO:1001000,civilian status,SRPDIO:1001187,not employed because not in labor force,SRPDIO:1001134,hispanic or latino,C23002I_022E,Estimate!!Total!!Female!!16 to 64 years!!Not in labor force,SEX BY AGE BY EMPLOYMENT STATUS FOR THE POPULATION 16 YEARS AND OVER (HISPANIC OR LATINO)
SRPDIO:2010642,SRPDIO:1000000,PATO:0000383,female,SRPDIO:1001079,65 years and over,SRPDIO:1001024,labor force status,SRPDIO:1001000,civilian status,SRPDIO:1001187,not employed because not in labor force,SRPDIO:1001134,hispanic or latino,C23002I_023E,Estimate!!Total!!Female!!65 years and over,SEX BY AGE BY EMPLOYMENT STATUS FOR THE POPULATION 16 YEARS AND OVER (HISPANIC OR LATINO)
SRPDIO:2010643,SRPDIO:1000000,PATO:0000383,female,SRPDIO:1001079,65 years and over,SRPDIO:1001114,in labor force,SRPDIO:1001000,civilian status,SRPDIO:1001003,employment status,SRPDIO:1001134,hispanic or latino,C23002I_024E,Estimate!!Total!!Female!!65 years and over!!In labor force,SEX BY AGE BY EMPLOYMENT STATUS FOR THE POPULATION 16 YEARS AND OVER (HISPANIC OR LATINO)
SRPDIO:2010644,SRPDIO:1000000,PATO:0000383,female,SRPDIO:1001079,65 years and over,SRPDIO:1001114,in labor force,SRPDIO:1001000,civilian status,SRPDIO:1001043,employed,SRPDIO:1001134,hispanic or latino,C23002I_025E,Estimate!!Total!!Female!!65 years and over!!In labor force!!Employed,SEX BY AGE BY EMPLOYMENT STATUS FOR THE POPULATION 16 YEARS AND OVER (HISPANIC OR LATINO)
SRPDIO:2010645,SRPDIO:1000000,PATO:0000383,female,SRPDIO:1001079,65 years and over,SRPDIO:1001114,in labor force,SRPDIO:1001000,civilian status,SRPDIO:1001044,unemployed,SRPDIO:1001134,hispanic or latino,C23002I_026E,Estimate!!Total!!Female!!65 years and over!!In labor force!!Unemployed,SEX BY AGE BY EMPLOYMENT STATUS FOR THE POPULATION 16 YEARS AND OVER (HISPANIC OR LATINO)
SRPDIO:2010646,SRPDIO:1000000,PATO:0000383,female,SRPDIO:1001079,65 years and over,SRPDIO:1001128,not in labor force,SRPDIO:1001000,civilian status,SRPDIO:1001187,not employed because not in labor force,SRPDIO:1001134,hispanic or latino,C23002I_027E,Estimate!!Total!!Female!!65 years and over!!Not in labor force,SEX BY AGE BY EMPLOYMENT STATUS FOR THE POPULATION 16 YEARS AND OVER (HISPANIC OR LATINO)